page_file,js_asset
cdm.php,assets/js/cdm.js<?= _v(
ctp.php,assets/js/ctp.js<?= _v(
data.php,assets/js/plan-splits-map.js<?= _v(
data.php,assets/js/plan-tables.js<?= _v(
data.php,assets/js/sheet.js<?= _v(
demand.php,assets/js/config/filter-colors.js<?= _v(
demand.php,assets/js/config/phase-colors.js<?= _v(
demand.php,assets/js/config/rate-colors.js<?= _v(
demand.php,assets/js/demand.js<?= _v(
gdt.php,assets/js/advisory-config.js<?= _v(
gdt.php,assets/js/config/phase-colors.js<?= _v(
gdt.php,assets/js/config/rate-colors.js<?= _v(
gdt.php,assets/js/demand.js<?= _v(
gdt.php,assets/js/fir-integration.js<?= _v(
gdt.php,assets/js/fir-scope.js<?= _v(
gdt.php,assets/js/gdp.js<?= _v(
gdt.php,assets/js/gdt.js<?= _v(
jatoc.php,assets/js/config/facility-roles.js<?= _v(
jatoc.php,assets/js/jatoc-facility-patch.js<?= _v(
jatoc.php,assets/js/jatoc.js<?= _v(
jatoc.php,assets/js/lib/artcc-hierarchy.js<?= _v(
navdata.php,assets/js/navdata.js<?= _v(
nod.php,assets/js/config/filter-colors.js<?= _v(
nod.php,assets/js/config/phase-colors.js<?= _v(
nod.php,assets/js/lib/artcc-hierarchy.js<?= _v(
nod.php,assets/js/nod-demand-layer.js<?= _v(
nod.php,assets/js/nod.js<?= _v(
plan.php,assets/js/advisory-config.js<?= _v(
plan.php,assets/js/config/facility-roles.js<?= _v(
plan.php,assets/js/initiative_timeline.js<?= _v(
plan.php,assets/js/plan-splits-map.js<?= _v(
plan.php,assets/js/plan-tables.js<?= _v(
plan.php,assets/js/plan.js<?= _v(
playbook.php,assets/js/awys.js<?= _v(
playbook.php,assets/js/lib/artcc-hierarchy.js<?= _v(
playbook.php,assets/js/lib/route-advisory-parser.js<?= _v(
playbook.php,assets/js/playbook-cdr-search.js<?= _v(
playbook.php,assets/js/playbook-dcc-loader.js<?= _v(
playbook.php,assets/js/playbook.js<?= _v(
playbook.php,assets/js/procs_enhanced.js<?= _v(
playbook.php,assets/js/route-maplibre.js<?= _v(
playbook.php,assets/js/route-symbology.js<?= _v(
review.php,assets/js/config/filter-colors.js<?= _v(
review.php,assets/js/config/phase-colors.js<?= _v(
review.php,assets/js/demand.js<?= _v(
review.php,assets/js/review.js<?= _v(
review.php,assets/js/statsim_rates.js<?= _v(
review.php,assets/js/tmi_compliance.js<?= _v(
review.php,assets/js/tmr_report.js<?= _v(
route.php,assets/js/awys.js<?= _v(
route.php,assets/js/config/filter-colors.js<?= _v(
route.php,assets/js/config/phase-colors.js<?= _v(
route.php,assets/js/lib/artcc-hierarchy.js<?= _v(
route.php,assets/js/lib/route-advisory-parser.js<?= _v(
route.php,assets/js/playbook-cdr-search.js<?= _v(
route.php,assets/js/playbook-dcc-loader.js<?= _v(
route.php,assets/js/procs_enhanced.js<?= _v(
route.php,assets/js/public-routes.js<?= _v(
route.php,assets/js/route-maplibre.js<?= _v(
route.php,assets/js/route-symbology.js<?= _v(
schedule.php,assets/js/schedule.js<?= _v(
sheet.php,assets/js/sheet.js<?= _v(
splits.php,assets/js/lib/artcc-labels.js<?= _v(
splits.php,assets/js/splits.js<?= _v(
status.php,assets/js/config/phase-colors.js<?= _v(
sua.php,assets/js/lib/artcc-hierarchy.js<?= _v(
sua.php,assets/js/sua.js<?= _v(
tmi-publish.php,assets/js/advisory-config.js<?= _v(
tmi-publish.php,assets/js/facility-hierarchy.js<?= _v(
tmi-publish.php,assets/js/tmi-active-display.js<?= _v(
tmi-publish.php,assets/js/tmi-gdp.js<?= _v(
tmi-publish.php,assets/js/tmi-publish.js<?= _v(
