source_file,depends_on_php
airport_config.php,load/config.php
airport_config.php,load/connect.php
airport_config.php,load/footer.php
airport_config.php,load/header.php
airport_config.php,load/nav.php
airport_config.php,sessions/handler.php
api/adl/current.php,../../load/config.php
api/adl/current.php,../../load/input.php
api/adl/flight.php,../../load/config.php
api/adl/flight.php,../../load/input.php
api/adl/stats.php,../../load/config.php
api/adl/stats.php,../../load/swim_config.php
api/adl/waypoints.php,../../load/config.php
api/adl/waypoints.php,../../load/input.php
api/analysis/get_plan_ids.php,../../load/config.php
api/analysis/get_plan_ids.php,../../load/connect.php
api/analysis/perti_events.php,../../load/config.php
api/analysis/perti_events.php,../../load/connect.php
api/analysis/tmi_compliance.php,../../load/config.php
api/analysis/tmi_config.php,../../load/config.php
api/analysis/trajectory_gaps.php,../../load/config.php
api/data/configs.php,../../load/config.php
api/data/configs.php,../../load/connect.php
api/data/create_history_table.php,../../load/config.php
api/data/create_history_table.php,../../load/connect.php
api/data/crossings/forecast.php,../../../load/config.php
api/data/crossings/forecast.php,../../../load/input.php
api/data/hibernation_stats.php,../../load/config.php
api/data/hibernation_stats.php,../../load/connect.php
api/data/locale.php,../../load/config.php
api/data/locale.php,../../load/connect.php
api/data/personnel.php,../../load/config.php
api/data/personnel.php,../../load/connect.php
api/data/plans.l.php,../../load/config.php
api/data/plans.l.php,../../load/connect.php
api/data/plans/configs.php,../../../load/config.php
api/data/plans/configs.php,../../../load/connect.php
api/data/plans/dcc_staffing.php,../../../load/config.php
api/data/plans/dcc_staffing.php,../../../load/connect.php
api/data/plans/enroute_constraints.php,../../../load/config.php
api/data/plans/enroute_constraints.php,../../../load/connect.php
api/data/plans/enroute_inits.php,../../../load/config.php
api/data/plans/enroute_inits.php,../../../load/connect.php
api/data/plans/enroute_planning.php,../../../load/config.php
api/data/plans/enroute_planning.php,../../../load/connect.php
api/data/plans/enroute_staffing.php,../../../load/config.php
api/data/plans/enroute_staffing.php,../../../load/connect.php
api/data/plans/forecast.php,../../../load/config.php
api/data/plans/forecast.php,../../../load/connect.php
api/data/plans/goals.php,../../../load/config.php
api/data/plans/goals.php,../../../load/connect.php
api/data/plans/group_flights.php,../../../load/config.php
api/data/plans/group_flights.php,../../../load/connect.php
api/data/plans/historical.php,../../../load/config.php
api/data/plans/historical.php,../../../load/connect.php
api/data/plans/outlook.php,../../../load/config.php
api/data/plans/outlook.php,../../../load/connect.php
api/data/plans/term_constraints.php,../../../load/config.php
api/data/plans/term_constraints.php,../../../load/connect.php
api/data/plans/term_inits.php,../../../load/config.php
api/data/plans/term_inits.php,../../../load/connect.php
api/data/plans/term_inits_bu.php,../../../load/config.php
api/data/plans/term_inits_bu.php,../../../load/connect.php
api/data/plans/term_planning.php,../../../load/config.php
api/data/plans/term_planning.php,../../../load/connect.php
api/data/plans/term_staffing.php,../../../load/config.php
api/data/plans/term_staffing.php,../../../load/connect.php
api/data/playbook/acl.php,../../../load/config.php
api/data/playbook/acl.php,../../../load/connect.php
api/data/playbook/acl.php,../../../load/input.php
api/data/playbook/acl.php,../../../load/playbook_visibility.php
api/data/playbook/analysis.php,../../../load/config.php
api/data/playbook/analysis.php,../../../load/connect.php
api/data/playbook/categories.php,../../../load/config.php
api/data/playbook/categories.php,../../../load/connect.php
api/data/playbook/changelog.php,../../../load/config.php
api/data/playbook/changelog.php,../../../load/connect.php
api/data/playbook/changelog.php,../../../load/input.php
api/data/playbook/get.php,../../../load/config.php
api/data/playbook/get.php,../../../load/connect.php
api/data/playbook/get.php,../../../load/input.php
api/data/playbook/get.php,../../../load/playbook_visibility.php
api/data/playbook/groups.php,../../../load/config.php
api/data/playbook/groups.php,../../../load/connect.php
api/data/playbook/groups.php,../../../load/input.php
api/data/playbook/list.php,../../../load/config.php
api/data/playbook/list.php,../../../load/connect.php
api/data/playbook/list.php,../../../load/input.php
api/data/playbook/list.php,../../../load/playbook_visibility.php
api/data/playbook/nat_tracks.php,../../../load/config.php
api/data/playbook/nat_tracks.php,../../../load/connect.php
api/data/playbook/org_members.php,../../../load/config.php
api/data/playbook/org_members.php,../../../load/connect.php
api/data/playbook/org_members.php,../../../load/input.php
api/data/playbook/orgs.php,../../../load/config.php
api/data/playbook/orgs.php,../../../load/connect.php
api/data/playbook/user_search.php,../../../load/config.php
api/data/playbook/user_search.php,../../../load/connect.php
api/data/playbook/user_search.php,../../../load/input.php
api/data/rate_history.php,../../load/config.php
api/data/rate_history.php,../../load/connect.php
api/data/reroutes.php,../../load/config.php
api/data/reroutes.php,../../load/connect.php
api/data/review/comments.php,../../../load/config.php
api/data/review/comments.php,../../../load/connect.php
api/data/review/data.php,../../../load/config.php
api/data/review/data.php,../../../load/connect.php
api/data/review/scores.php,../../../load/config.php
api/data/review/scores.php,../../../load/connect.php
api/data/route_share.php,../../load/config.php
api/data/route_share.php,../../load/connect.php
api/data/routes.php,../../load/config.php
api/data/routes.php,../../load/connect.php
api/data/schedule.php,../../load/config.php
api/data/schedule.php,../../load/connect.php
api/data/sheet/configs.php,../../../load/config.php
api/data/sheet/configs.php,../../../load/connect.php
api/data/sheet/dcc_staffing.php,../../../load/config.php
api/data/sheet/dcc_staffing.php,../../../load/connect.php
api/data/sheet/enroute_staffing.php,../../../load/config.php
api/data/sheet/enroute_staffing.php,../../../load/connect.php
api/data/sheet/term_staffing.php,../../../load/config.php
api/data/sheet/term_staffing.php,../../../load/connect.php
api/data/tmi/ground_stop.php,../../../load/config.php
api/data/tmi/ground_stop.php,../../../load/connect.php
api/data/tmi/ground_stops.php,../../../load/config.php
api/data/tmi/ground_stops.php,../../../load/connect.php
api/data/weather_impacts.php,../../load/config.php
api/data/weather_impacts.php,../../load/connect.php
api/demand/airports.php,../../load/airport_aliases.php
api/demand/airports.php,../../load/config.php
api/demand/airports.php,../../load/input.php
api/demand/config_search.php,../../load/config.php
api/demand/config_search.php,../../load/connect.php
api/demand/configs.php,../../load/config.php
api/demand/configs.php,../../load/input.php
api/demand/override.php,../../load/config.php
api/demand/override.php,../../load/input.php
api/demand/summary.php,../../load/config.php
api/demand/summary.php,../../load/input.php
api/event-aar/list.php,../../load/config.php
api/event-aar/list.php,../../load/connect.php
api/event-aar/update.php,../../load/config.php
api/event-aar/update.php,../../load/connect.php
api/jatoc/daily_ops.php,../../load/config.php
api/jatoc/daily_ops.php,../../load/connect.php
api/jatoc/daily_ops.php,../../sessions/handler.php
api/jatoc/incident.php,../../load/config.php
api/jatoc/incident.php,../../load/connect.php
api/jatoc/incident.php,../../sessions/handler.php
api/jatoc/incidents.php,../../load/config.php
api/jatoc/incidents.php,../../load/connect.php
api/jatoc/incidents.php,../../sessions/handler.php
api/jatoc/oplevel.php,../../load/config.php
api/jatoc/oplevel.php,../../load/connect.php
api/jatoc/oplevel.php,../../sessions/handler.php
api/jatoc/personnel.php,../../load/config.php
api/jatoc/personnel.php,../../load/connect.php
api/jatoc/personnel.php,../../sessions/handler.php
api/jatoc/report.php,../../load/config.php
api/jatoc/report.php,../../load/connect.php
api/jatoc/report.php,../../sessions/handler.php
api/jatoc/space_ops.php,../../load/config.php
api/jatoc/space_ops.php,../../load/connect.php
api/jatoc/special_emphasis.php,../../load/config.php
api/jatoc/special_emphasis.php,../../load/connect.php
api/jatoc/special_emphasis.php,../../sessions/handler.php
api/jatoc/updates.php,../../load/config.php
api/jatoc/updates.php,../../load/connect.php
api/jatoc/updates.php,../../sessions/handler.php
api/mgt/comments/delete.php,../../../load/config.php
api/mgt/comments/delete.php,../../../load/connect.php
api/mgt/comments/post.php,../../../load/config.php
api/mgt/comments/post.php,../../../load/connect.php
api/mgt/comments/update.php,../../../load/config.php
api/mgt/comments/update.php,../../../load/connect.php
api/mgt/config_data/bulk.php,../../../load/config.php
api/mgt/config_data/bulk.php,../../../load/connect.php
api/mgt/config_data/delete.php,../../../load/config.php
api/mgt/config_data/delete.php,../../../load/connect.php
api/mgt/config_data/post.php,../../../load/config.php
api/mgt/config_data/post.php,../../../load/connect.php
api/mgt/config_data/update.php,../../../load/config.php
api/mgt/config_data/update.php,../../../load/connect.php
api/mgt/configs/delete.php,../../../load/config.php
api/mgt/configs/delete.php,../../../load/connect.php
api/mgt/configs/fill.php,../../../load/config.php
api/mgt/configs/fill.php,../../../load/connect.php
api/mgt/configs/post.php,../../../load/config.php
api/mgt/configs/post.php,../../../load/connect.php
api/mgt/configs/update.php,../../../load/config.php
api/mgt/configs/update.php,../../../load/connect.php
api/mgt/dcc/delete.php,../../../load/config.php
api/mgt/dcc/delete.php,../../../load/connect.php
api/mgt/dcc/post.php,../../../load/config.php
api/mgt/dcc/post.php,../../../load/connect.php
api/mgt/dcc/update.php,../../../load/config.php
api/mgt/dcc/update.php,../../../load/connect.php
api/mgt/enroute_constraints/delete.php,../../../load/config.php
api/mgt/enroute_constraints/delete.php,../../../load/connect.php
api/mgt/enroute_constraints/post.php,../../../load/config.php
api/mgt/enroute_constraints/post.php,../../../load/connect.php
api/mgt/enroute_constraints/update.php,../../../load/config.php
api/mgt/enroute_constraints/update.php,../../../load/connect.php
api/mgt/enroute_initializations/delete.php,../../../load/config.php
api/mgt/enroute_initializations/delete.php,../../../load/connect.php
api/mgt/enroute_initializations/post.php,../../../load/config.php
api/mgt/enroute_initializations/post.php,../../../load/connect.php
api/mgt/enroute_initializations/times/create.php,../../../../load/config.php
api/mgt/enroute_initializations/times/create.php,../../../../load/connect.php
api/mgt/enroute_initializations/times/delete.php,../../../../load/config.php
api/mgt/enroute_initializations/times/delete.php,../../../../load/connect.php
api/mgt/enroute_initializations/times/post.php,../../../../load/config.php
api/mgt/enroute_initializations/times/post.php,../../../../load/connect.php
api/mgt/enroute_initializations/times/set.php,../../../../load/config.php
api/mgt/enroute_initializations/times/set.php,../../../../load/connect.php
api/mgt/enroute_initializations/times/update.php,../../../../load/config.php
api/mgt/enroute_initializations/times/update.php,../../../../load/connect.php
api/mgt/enroute_initializations/update.php,../../../load/config.php
api/mgt/enroute_initializations/update.php,../../../load/connect.php
api/mgt/enroute_planning/delete.php,../../../load/config.php
api/mgt/enroute_planning/delete.php,../../../load/connect.php
api/mgt/enroute_planning/post.php,../../../load/config.php
api/mgt/enroute_planning/post.php,../../../load/connect.php
api/mgt/enroute_planning/update.php,../../../load/config.php
api/mgt/enroute_planning/update.php,../../../load/connect.php
api/mgt/enroute_staffing/delete.php,../../../load/config.php
api/mgt/enroute_staffing/delete.php,../../../load/connect.php
api/mgt/enroute_staffing/post.php,../../../load/config.php
api/mgt/enroute_staffing/post.php,../../../load/connect.php
api/mgt/enroute_staffing/update.php,../../../load/config.php
api/mgt/enroute_staffing/update.php,../../../load/connect.php
api/mgt/event_data/delete.php,../../../load/config.php
api/mgt/event_data/delete.php,../../../load/connect.php
api/mgt/event_data/post.php,../../../load/config.php
api/mgt/event_data/post.php,../../../load/connect.php
api/mgt/event_data/update.php,../../../load/config.php
api/mgt/event_data/update.php,../../../load/connect.php
api/mgt/forecast/delete.php,../../../load/config.php
api/mgt/forecast/delete.php,../../../load/connect.php
api/mgt/forecast/post.php,../../../load/config.php
api/mgt/forecast/post.php,../../../load/connect.php
api/mgt/forecast/update.php,../../../load/config.php
api/mgt/forecast/update.php,../../../load/connect.php
api/mgt/goals/delete.php,../../../load/config.php
api/mgt/goals/delete.php,../../../load/connect.php
api/mgt/goals/post.php,../../../load/config.php
api/mgt/goals/post.php,../../../load/connect.php
api/mgt/goals/update.php,../../../load/config.php
api/mgt/goals/update.php,../../../load/connect.php
api/mgt/group_flights/delete.php,../../../load/config.php
api/mgt/group_flights/delete.php,../../../load/connect.php
api/mgt/group_flights/post.php,../../../load/config.php
api/mgt/group_flights/post.php,../../../load/connect.php
api/mgt/group_flights/update.php,../../../load/config.php
api/mgt/group_flights/update.php,../../../load/connect.php
api/mgt/historical/delete.php,../../../load/config.php
api/mgt/historical/delete.php,../../../load/connect.php
api/mgt/historical/post.php,../../../load/config.php
api/mgt/historical/post.php,../../../load/connect.php
api/mgt/historical/update.php,../../../load/config.php
api/mgt/historical/update.php,../../../load/connect.php
api/mgt/personnel/delete.php,../../../load/config.php
api/mgt/personnel/delete.php,../../../load/connect.php
api/mgt/personnel/post.php,../../../load/config.php
api/mgt/personnel/post.php,../../../load/connect.php
api/mgt/personnel/update_org.php,../../../load/config.php
api/mgt/personnel/update_org.php,../../../load/connect.php
api/mgt/perti/delete.php,../../../load/config.php
api/mgt/perti/delete.php,../../../load/connect.php
api/mgt/perti/post.php,../../../load/config.php
api/mgt/perti/post.php,../../../load/connect.php
api/mgt/perti/update.php,../../../load/config.php
api/mgt/perti/update.php,../../../load/connect.php
api/mgt/schedule/delete.php,../../../load/config.php
api/mgt/schedule/delete.php,../../../load/connect.php
api/mgt/schedule/delete_bu.php,../../../load/config.php
api/mgt/schedule/delete_bu.php,../../../load/connect.php
api/mgt/schedule/post.php,../../../load/config.php
api/mgt/schedule/post.php,../../../load/connect.php
api/mgt/schedule/update.php,../../../load/config.php
api/mgt/schedule/update.php,../../../load/connect.php
api/mgt/scores/delete.php,../../../load/config.php
api/mgt/scores/delete.php,../../../load/connect.php
api/mgt/scores/post.php,../../../load/config.php
api/mgt/scores/post.php,../../../load/connect.php
api/mgt/scores/update.php,../../../load/config.php
api/mgt/scores/update.php,../../../load/connect.php
api/mgt/terminal_constraints/delete.php,../../../load/config.php
api/mgt/terminal_constraints/delete.php,../../../load/connect.php
api/mgt/terminal_constraints/post.php,../../../load/config.php
api/mgt/terminal_constraints/post.php,../../../load/connect.php
api/mgt/terminal_constraints/update.php,../../../load/config.php
api/mgt/terminal_constraints/update.php,../../../load/connect.php
api/mgt/terminal_init_times/create.php,../../../../load/config.php
api/mgt/terminal_init_times/create.php,../../../../load/connect.php
api/mgt/terminal_init_times/set.php,../../../../load/config.php
api/mgt/terminal_init_times/set.php,../../../../load/connect.php
api/mgt/terminal_inits/delete.php,../../../load/config.php
api/mgt/terminal_inits/delete.php,../../../load/connect.php
api/mgt/terminal_inits/post.php,../../../load/config.php
api/mgt/terminal_inits/post.php,../../../load/connect.php
api/mgt/terminal_inits/times/create.php,../../../../load/config.php
api/mgt/terminal_inits/times/create.php,../../../../load/connect.php
api/mgt/terminal_inits/times/delete.php,../../../../load/config.php
api/mgt/terminal_inits/times/delete.php,../../../../load/connect.php
api/mgt/terminal_inits/times/post.php,../../../../load/config.php
api/mgt/terminal_inits/times/post.php,../../../../load/connect.php
api/mgt/terminal_inits/times/set.php,../../../../load/config.php
api/mgt/terminal_inits/times/set.php,../../../../load/connect.php
api/mgt/terminal_inits/times/update.php,../../../../load/config.php
api/mgt/terminal_inits/times/update.php,../../../../load/connect.php
api/mgt/terminal_inits/update.php,../../../load/config.php
api/mgt/terminal_inits/update.php,../../../load/connect.php
api/mgt/terminal_planning/delete.php,../../../load/config.php
api/mgt/terminal_planning/delete.php,../../../load/connect.php
api/mgt/terminal_planning/post.php,../../../load/config.php
api/mgt/terminal_planning/post.php,../../../load/connect.php
api/mgt/terminal_planning/update.php,../../../load/config.php
api/mgt/terminal_planning/update.php,../../../load/connect.php
api/mgt/terminal_staffing/delete.php,../../../load/config.php
api/mgt/terminal_staffing/delete.php,../../../load/connect.php
api/mgt/terminal_staffing/post.php,../../../load/config.php
api/mgt/terminal_staffing/post.php,../../../load/connect.php
api/mgt/terminal_staffing/update.php,../../../load/config.php
api/mgt/terminal_staffing/update.php,../../../load/connect.php
api/mgt/tmi/ground_stops/post.php,../../../../load/config.php
api/mgt/tmi/ground_stops/post.php,../../../../load/connect.php
api/stats/airport.php,../../load/config.php
api/stats/airport.php,../../load/input.php
api/stats/artcc.php,../../load/config.php
api/stats/artcc.php,../../load/input.php
api/stats/citypair.php,../../load/config.php
api/stats/citypair.php,../../load/input.php
api/stats/daily.php,../../load/config.php
api/stats/flight_phase_history.php,../../load/config.php
api/stats/hourly.php,../../load/config.php
api/stats/realtime.php,../../load/config.php
api/stats/status.php,../../load/config.php
api/stats/tmi.php,../../load/config.php
api/stats/tmi.php,../../load/input.php
api/statsim/fetch.php,../../load/config.php
api/statsim/fetch.php,../../load/connect.php
api/statsim/fetch.php,../../sessions/handler.php
api/statsim/plan_info.php,../../load/airport_aliases.php
api/statsim/plan_info.php,../../load/config.php
api/statsim/plan_info.php,../../load/connect.php
api/statsim/plan_info.php,../../sessions/handler.php
api/statsim/save_rates.php,../../load/config.php
api/statsim/save_rates.php,../../load/connect.php
api/statsim/save_rates.php,../../sessions/handler.php
api/tmi/gs_apply_ctd.php,../../load/config.php
api/user/configs/update.php,../../../load/config.php
api/user/configs/update.php,../../../load/connect.php
api/user/dcc/update.php,../../../load/config.php
api/user/dcc/update.php,../../../load/connect.php
api/user/enroute_staffing/update.php,../../../load/config.php
api/user/enroute_staffing/update.php,../../../load/connect.php
api/user/term_staffing/update.php,../../../load/config.php
api/user/term_staffing/update.php,../../../load/connect.php
api/util/icao_lookup.php,../../load/airport_aliases.php
api/util/icao_lookup.php,../../load/config.php
api/util/icao_lookup.php,../../load/connect.php
api/weather/alerts.php,../../load/config.php
api/weather/alerts.php,../../load/input.php
api/weather/impact.php,../../load/config.php
api/weather/impact.php,../../load/input.php
api/weather/refresh.php,../../load/config.php
cdm.php,load/config.php
cdm.php,load/footer.php
cdm.php,load/header.php
cdm.php,load/hibernation.php
cdm.php,load/i18n.php
cdm.php,load/nav.php
cdm.php,sessions/handler.php
ctp.php,load/config.php
ctp.php,load/connect.php
ctp.php,load/footer.php
ctp.php,load/header.php
ctp.php,load/i18n.php
ctp.php,load/nav.php
ctp.php,sessions/handler.php
data.php,load/config.php
data.php,load/connect.php
data.php,load/footer.php
data.php,load/header.php
data.php,load/nav_public.php
data.php,load/org_context.php
data.php,sessions/handler.php
database/Migrate.php,tables.php
demand.php,load/config.php
demand.php,load/footer.php
demand.php,load/header.php
demand.php,load/i18n.php
demand.php,load/nav_public.php
demand.php,sessions/handler.php
event-aar.php,load/config.php
event-aar.php,load/connect.php
event-aar.php,load/footer.php
event-aar.php,load/header.php
event-aar.php,load/nav.php
event-aar.php,sessions/handler.php
fmds-comparison.php,load/config.php
fmds-comparison.php,load/footer.php
fmds-comparison.php,load/header.php
fmds-comparison.php,load/i18n.php
fmds-comparison.php,load/nav_public.php
fmds-comparison.php,sessions/handler.php
gdt.php,load/config.php
gdt.php,load/footer.php
gdt.php,load/gdp_section.php
gdt.php,load/header.php
gdt.php,load/i18n.php
gdt.php,load/nav_public.php
gdt.php,load/org_context.php
gdt.php,sessions/handler.php
hibernation.php,load/config.php
hibernation.php,load/footer.php
hibernation.php,load/header.php
hibernation.php,load/i18n.php
hibernation.php,load/nav_public.php
hibernation.php,sessions/handler.php
index.php,load/config.php
index.php,load/connect.php
index.php,load/footer.php
index.php,load/header.php
index.php,load/nav.php
index.php,sessions/handler.php
jatoc.php,load/config.php
jatoc.php,load/footer.php
jatoc.php,load/header.php
jatoc.php,load/i18n.php
jatoc.php,load/nav_public.php
load/footer.php,config.php
load/header.php,config.php
load/nav.php,config.php
load/nav.php,connect.php
navdata.php,load/config.php
navdata.php,load/footer.php
navdata.php,load/header.php
navdata.php,load/i18n.php
navdata.php,load/nav.php
navdata.php,sessions/handler.php
nod.php,load/config.php
nod.php,load/footer.php
nod.php,load/header.php
nod.php,load/i18n.php
nod.php,load/nav_public.php
nod.php,sessions/handler.php
plan.php,load/config.php
plan.php,load/connect.php
plan.php,load/footer.php
plan.php,load/header.php
plan.php,load/nav.php
plan.php,load/org_context.php
plan.php,sessions/handler.php
playbook.php,load/config.php
playbook.php,load/connect.php
playbook.php,load/footer.php
playbook.php,load/header.php
playbook.php,load/nav.php
playbook.php,load/playbook_visibility.php
playbook.php,sessions/handler.php
privacy.php,load/config.php
privacy.php,load/footer.php
privacy.php,load/header.php
privacy.php,load/i18n.php
privacy.php,load/nav_public.php
privacy.php,sessions/handler.php
review.php,load/config.php
review.php,load/connect.php
review.php,load/footer.php
review.php,load/header.php
review.php,load/nav.php
review.php,load/org_context.php
review.php,sessions/handler.php
route.php,load/footer.php
route.php,load/header.php
route.php,load/i18n.php
route.php,load/nav.php
route.php,load/org_context.php
route.php,sessions/handler.php
schedule.php,load/config.php
schedule.php,load/connect.php
schedule.php,load/footer.php
schedule.php,load/header.php
schedule.php,load/nav.php
schedule.php,sessions/handler.php
scripts/analyze_mysql_runways.php,../load/config.php
scripts/analyze_mysql_runways.php,../load/connect.php
scripts/export_perti_events.php,load/config.php
scripts/export_perti_events.php,load/connect.php
scripts/export_sql.php,../load/config.php
scripts/export_sql.php,../load/connect.php
scripts/fix_input_php.php,../../load/config.php
scripts/fix_input_php.php,../../load/input.php
sessions/cid.php,../load/config.php
sessions/cid.php,../load/connect.php
sessions/query.php,../load/config.php
sessions/query.php,../load/connect.php
sheet.php,load/config.php
sheet.php,load/connect.php
sheet.php,load/footer.php
sheet.php,load/header.php
sheet.php,load/nav.php
sheet.php,load/org_context.php
sheet.php,sessions/handler.php
simulator.php,load/config.php
simulator.php,load/footer.php
simulator.php,load/header.php
simulator.php,load/i18n.php
simulator.php,load/nav_public.php
simulator.php,sessions/handler.php
splits.php,load/footer.php
splits.php,load/header.php
splits.php,load/i18n.php
splits.php,load/nav.php
splits.php,sessions/handler.php
status.php,load/config.php
status.php,load/connect.php
status.php,load/footer.php
status.php,load/header.php
status.php,load/nav.php
status.php,sessions/handler.php
sua.php,load/config.php
sua.php,load/connect.php
sua.php,load/footer.php
sua.php,load/header.php
sua.php,load/nav.php
sua.php,sessions/handler.php
swim-doc.php,load/config.php
swim-doc.php,load/footer.php
swim-doc.php,load/header.php
swim-doc.php,load/i18n.php
swim-doc.php,load/nav_public.php
swim-doc.php,sessions/handler.php
swim-docs.php,load/config.php
swim-docs.php,load/footer.php
swim-docs.php,load/header.php
swim-docs.php,load/i18n.php
swim-docs.php,load/nav_public.php
swim-docs.php,sessions/handler.php
swim-keys.php,load/config.php
swim-keys.php,load/connect.php
swim-keys.php,load/footer.php
swim-keys.php,load/header.php
swim-keys.php,load/nav.php
swim-keys.php,sessions/handler.php
swim.php,load/config.php
swim.php,load/footer.php
swim.php,load/header.php
swim.php,load/i18n.php
swim.php,load/nav_public.php
swim.php,sessions/handler.php
tmi-publish.php,load/config.php
tmi-publish.php,load/connect.php
tmi-publish.php,load/footer.php
tmi-publish.php,load/header.php
tmi-publish.php,load/nav.php
tmi-publish.php,load/perti_constants.php
tmi-publish.php,sessions/handler.php
transparency.php,load/config.php
transparency.php,load/footer.php
transparency.php,load/header.php
transparency.php,load/i18n.php
transparency.php,load/nav_public.php
transparency.php,sessions/handler.php
