included_path_literal,included_by_file_count
../../../load/config.php,107
../../../load/connect.php,106
../../load/config.php,55
load/footer.php,30
load/header.php,30
../../load/connect.php,30
load/config.php,29
sessions/handler.php,29
load/nav.php,17
load/i18n.php,17
load/connect.php,15
../../load/input.php,14
../../../../load/config.php,13
../../../../load/connect.php,13
load/nav_public.php,13
../../sessions/handler.php,11
../../../load/input.php,8
load/org_context.php,6
../load/config.php,4
../load/connect.php,4
../../../load/playbook_visibility.php,3
../../load/airport_aliases.php,3
config.php,3
../../load/swim_config.php,1
load/hibernation.php,1
tables.php,1
load/gdp_section.php,1
connect.php,1
load/playbook_visibility.php,1
load/perti_constants.php,1
