table_base,variants,code_ref_count,doc_wiki_ref_count,sample_code_refs,sample_doc_wiki_refs
adl_flight_core,adl_flight_core; dbo.adl_flight_core,160,31,adl/analysis/eta_wind_accuracy_analysis.sql; adl/analysis/eta_wind_accuracy_report.php; adl/migrations/086_parse_queue_cleanup.sql; adl/migrations/086b_fix_retention.sql; adl/migrations/090_detected_runway_config.sql; adl/migrations/boundaries/001_boundaries_schema.sql; adl/migrations/boundaries/003_boundary_import_procedure.sql; adl/migrations/boundaries/007_integrate_boundary_detection.sql; adl/migrations/changelog/000_deploy_changelog_system.sql; adl/migrations/changelog/003_trigger_flight_plan.sql,docs/AZURE_COST_OPTIMIZATION_ANALYSIS.md; docs/COMPUTATIONAL_REFERENCE.md; docs/DEPLOYMENT_GUIDE.md; docs/ETA_ACCURACY_ANALYSIS_JAN_MAR_2026.md; docs/QUICK_REFERENCE.md; docs/STATUS.md; docs/adl-ingest-outage-2026-02-17-claude-brief.md; docs/fmds-comparison.md; docs/planned_crossings_performance.md; docs/plans/2026-02-02-adl-raw-data-lake-design.md
adl_flight_plan,dbo.adl_flight_plan,109,8,adl/migrations/080_event_aar_no_defaults.sql; adl/migrations/086_parse_queue_cleanup.sql; adl/migrations/086b_fix_retention.sql; adl/migrations/090_detected_runway_config.sql; adl/migrations/backfill/backfill_quick_v43.sql; adl/migrations/backfill/backfill_reparse_v43.sql; adl/migrations/changelog/006_utility_procedures.sql; adl/migrations/core/005_adl_views_seed_data.sql; adl/migrations/core/007_remove_flight_status.sql; adl/migrations/crossings/FIX_COLUMN_NAMES.sql,docs/COMPUTATIONAL_REFERENCE.md; docs/adl-ingest-outage-2026-02-17-claude-brief.md; docs/plans/2026-02-02-tmi-trajectory.md; docs/route_distance_transition.md; docs/simbrief_parsing_transition.md; docs/swim/ADL_NORMALIZED_SCHEMA_REFERENCE.md; docs/swim/VATSWIM_Release_Documentation.md; wiki/Algorithm-Route-Parsing.md
adl_flight_position,dbo.adl_flight_position,85,5,adl/migrations/core/005_adl_views_seed_data.sql; adl/migrations/core/007_remove_flight_status.sql; adl/migrations/core/013_backfill_flight_phases.sql; adl/migrations/crossings/DEPLOY_ALL_CROSSINGS.sql; adl/migrations/crossings/FIX_COLUMN_NAMES.sql; adl/migrations/eta/004_fix_sp_CalculateETA.sql; adl/migrations/eta/005_sp_ProcessTrajectoryBatch.sql; adl/migrations/eta/006_fix_batch_proc.sql; adl/migrations/eta/008_eta_trajectory_deploy.sql; adl/migrations/eta/010_eta_batch_consolidation.sql,docs/adl-ingest-outage-2026-02-17-claude-brief.md; docs/plans/2026-02-02-tmi-trajectory.md; docs/route_distance_transition.md; docs/swim/ADL_NORMALIZED_SCHEMA_REFERENCE.md; docs/swim/VATSWIM_Release_Documentation.md
adl_flight_times,dbo.adl_flight_times,85,4,adl/migrations/080_event_aar_no_defaults.sql; adl/migrations/090_detected_runway_config.sql; adl/migrations/098_adl_flight_times_fixm_columns.sql; adl/migrations/core/005_adl_views_seed_data.sql; adl/migrations/core/007_remove_flight_status.sql; adl/migrations/eta/004_fix_sp_CalculateETA.sql; adl/migrations/eta/005_sp_ProcessTrajectoryBatch.sql; adl/migrations/eta/006_fix_batch_proc.sql; adl/migrations/eta/008_eta_trajectory_deploy.sql; adl/migrations/eta/010_eta_batch_consolidation.sql,docs/adl-ingest-outage-2026-02-17-claude-brief.md; docs/swim/ADL_NORMALIZED_SCHEMA_REFERENCE.md; docs/swim/VATSWIM_Release_Documentation.md; wiki/Algorithm-ETA-Calculation.md
apts,VATSIM_ADL.apts; dbo.apts,57,5,adl/migrations/088_airport_groupings_aspm82_opsnet45.sql; adl/migrations/eta/004_fix_sp_CalculateETA.sql; adl/migrations/eta/005_sp_ProcessTrajectoryBatch.sql; adl/migrations/eta/006_fix_batch_proc.sql; adl/migrations/eta/010_eta_batch_consolidation.sql; adl/migrations/eta/011_eta_batch_fix.sql; adl/migrations/navdata/006_simbrief_refresh_integration.sql; adl/migrations/navdata/011_ourairports_global_import.sql; adl/migrations/oooi/002_oooi_deploy.sql; adl/migrations/oooi/003_seed_airport_zones.sql,docs/DEPLOYMENT_GUIDE.md; docs/plans/2026-02-08-airport-groupings-design.md; docs/plans/2026-02-08-airport-groupings-implementation.md; docs/superpowers/specs/2026-03-13-swim-playbook-cdr-routes-design.md; docs/tmi/TMI_Publisher_v1.8.0_Transition.md
tmi_programs,dbo.tmi_programs; tmi_programs,57,30,api/data/cdm/status.php; api/data/review/tmr_tmis.php; api/demand/tmi_programs.php; api/gdt/common.php; api/gdt/programs/activate.php; api/gdt/programs/active.php; api/gdt/programs/cancel.php; api/gdt/programs/create.php; api/gdt/programs/fairness.php; api/gdt/programs/flight_list.php,docs/COMPUTATIONAL_REFERENCE.md; docs/DEPLOYMENT_GUIDE.md; docs/GDT_GS_Transition_Summary_20260110.md; docs/QUICK_REFERENCE.md; docs/STATUS.md; docs/fmds-comparison.md; docs/gdt-tmi-workflow-plan.md; docs/plans/2026-02-09-nod-tmi-facility-flows-design.md; docs/plans/2026-02-11-gdt-workflow-enhancement-design.md; docs/plans/2026-02-15-vatcan-interop-design.md
adl_flight_tmi,dbo.adl_flight_tmi,38,4,adl/migrations/core/005_adl_views_seed_data.sql; adl/migrations/core/007_remove_flight_status.sql; adl/migrations/eta/004_fix_sp_CalculateETA.sql; adl/migrations/eta/005_sp_ProcessTrajectoryBatch.sql; adl/migrations/eta/006_fix_batch_proc.sql; adl/migrations/eta/010_eta_batch_consolidation.sql; adl/migrations/eta/011_eta_batch_fix.sql; adl/migrations/oooi/011_airport_connect_reference.sql; adl/migrations/stats/002_flight_stats_procedures.sql; adl/migrations/stats/004_flight_stats_carrier_domestic.sql,docs/swim/ADL_NORMALIZED_SCHEMA_REFERENCE.md; docs/swim/VATSWIM_Release_Documentation.md; docs/tmi/ARCHITECTURE.md; docs/tmi/DATABASE.md
adl_flight_aircraft,dbo.adl_flight_aircraft,34,2,adl/migrations/core/005_adl_views_seed_data.sql; adl/migrations/core/007_remove_flight_status.sql; adl/migrations/eta/004_fix_sp_CalculateETA.sql; adl/migrations/eta/010_eta_batch_consolidation.sql; adl/migrations/eta/011_eta_batch_fix.sql; adl/migrations/oooi/010_airport_taxi_reference.sql; adl/migrations/oooi/011_airport_connect_reference.sql; adl/migrations/stats/004_flight_stats_carrier_domestic.sql; adl/migrations/tmi/002_gs_procedures.sql; adl/migrations/tmi/003_fix_gs_getflights.sql,docs/swim/ADL_NORMALIZED_SCHEMA_REFERENCE.md; docs/swim/VATSWIM_Release_Documentation.md
airport_config,dbo.airport_config,32,0,adl/migrations/079_event_aar_from_config.sql; adl/migrations/079_event_aar_from_flights.sql; adl/migrations/080_airport_config_schema.sql; adl/migrations/080_event_aar_no_defaults.sql; adl/migrations/082_rate_history_schema.sql; adl/migrations/089_atis_weather_columns.sql; adl/migrations/090_detected_runway_config.sql; adl/migrations/091_manual_rate_overrides.sql; adl/migrations/092_config_modifiers_schema.sql; adl/migrations/093_config_modifiers_data_migration.sql,
tmi_flight_control,dbo.tmi_flight_control,32,0,api/ctp/flights/assign_edct.php; api/ctp/flights/remove_edct.php; api/gdt/demand/hourly.php; api/gdt/flights/list.php; api/gdt/programs/activate.php; api/gdt/programs/fairness.php; api/gdt/programs/get.php; api/gdt/programs/publish.php; api/gdt/programs/purge.php; api/gdt/programs/reoptimize.php,
adl_flight_waypoints,dbo.adl_flight_waypoints,30,4,adl/migrations/crossings/DEPLOY_ALL_CROSSINGS.sql; adl/migrations/demand/002_fn_FixDemand.sql; adl/migrations/demand/003_fn_AirwaySegmentDemand.sql; adl/migrations/demand/004_fn_RouteSegmentDemand.sql; adl/migrations/demand/005_fn_BatchDemandBucketed.sql; adl/migrations/demand/006_fn_ViaDemandBucketed.sql; adl/migrations/demand/007_fn_AirwayDemandBucketed.sql; adl/migrations/demand/debug_waypoints.sql; adl/migrations/navdata/002_simbrief_parsing.sql; adl/migrations/navdata/007_waypoint_eta_integration.sql,docs/COMPUTATIONAL_REFERENCE.md; docs/plans/2026-02-16-holding-detection.md; docs/route_distance_transition.md; wiki/Algorithm-Route-Parsing.md
swim_flights,dbo.swim_flights,28,3,api/admin/check_dtu_usage.php; api/admin/cleanup_stale_flights.php; api/swim/v1/health.php; api/swim/v1/ingest/acars.php; api/swim/v1/ingest/adl.php; api/swim/v1/ingest/cdm.php; api/swim/v1/ingest/metering.php; api/swim/v1/ingest/simtraffic.php; api/swim/v1/ingest/track.php; api/swim/v1/ingest/vnas/handoff.php,docs/scaling/COST_OPTIMIZATION.md; docs/swim/VATSWIM_Design_Document_v1.md; docs/swim/VATSWIM_Release_Documentation.md
nav_fixes,dbo.nav_fixes; nav_fixes,27,21,adl/migrations/cifp/001_cifp_procedure_legs.sql; adl/migrations/demand/005_fn_BatchDemandBucketed.sql; adl/migrations/navdata/004_xplane_navdata_import.sql; adl/migrations/ref/002_initial_data_load.sql; adl/procedures/sp_ParseRoute.sql; adl/reference_data/generate_sql_v4.php; adl/reference_data/import_airways.php; adl/reference_data/import_nav_fixes.php; adl/reference_data/sql_output/01_nav_fixes.sql; adl/scripts/sync_ref_to_adl.sql,docs/ATFM_Simulator_Deployment_2026-01-12.md; docs/ATFM_Simulator_Design_Document_v1.md; docs/COMPUTATIONAL_REFERENCE.md; docs/DEPLOYMENT_GUIDE.md; docs/STATUS.md; docs/fmds-comparison.md; docs/plans/2026-02-09-nod-tmi-facility-flows-design.md; docs/plans/2026-02-16-holding-detection-design.md; docs/plans/2026-02-16-holding-detection.md; docs/superpowers/specs/2026-03-12-ctp-e26-integration-design.md
playbook_routes,dbo.playbook_routes; playbook_routes,25,15,adl/migrations/ref/002_initial_data_load.sql; adl/reference_data/generate_sql_v4.php; adl/reference_data/import_playbook.php; adl/reference_data/sql_output/04_playbook.sql; adl/scripts/sync_ref_to_adl.sql; api/ctp/routes/suggest.php; api/data/playbook/analysis.php; api/data/playbook/get.php; api/data/playbook/list.php; api/mgt/playbook/route.php,docs/CODEBASE_REORGANIZATION_CATALOG.md; docs/DEPLOYMENT_GUIDE.md; docs/STATUS.md; docs/superpowers/specs/2026-03-12-ctp-e26-integration-design.md; docs/superpowers/specs/2026-03-13-swim-playbook-cdr-routes-design.md; wiki/AIRAC-Update.md; wiki/API-Reference.md; wiki/Architecture.md; wiki/Changelog.md; wiki/Configuration.md
adl_boundary,adl_boundary; dbo.adl_boundary,24,4,adl/migrations/boundaries/001_boundaries_schema.sql; adl/migrations/boundaries/003_boundary_import_procedure.sql; adl/migrations/boundaries/008_boundary_optimization.sql; adl/migrations/boundaries/009_boundary_grid_lookup.sql; adl/migrations/boundaries/009b_populate_all_boundary_grids.sql; adl/migrations/boundaries/011_artcc_hierarchy.sql; adl/migrations/boundaries/012_boundary_hierarchy.sql; adl/migrations/crossings/003_populate_priority_region.sql; adl/migrations/crossings/DEPLOY_ALL_CROSSINGS.sql; adl/migrations/navdata/007_waypoint_eta_integration.sql,docs/COMPUTATIONAL_REFERENCE.md; docs/STATUS.md; wiki/Database-Schema.md; wiki/Navigation-Helper.md
airport_config_runway,dbo.airport_config_runway,23,0,adl/migrations/080_airport_config_schema.sql; adl/migrations/089_atis_weather_columns.sql; adl/migrations/090_detected_runway_config.sql; adl/migrations/091_manual_rate_overrides.sql; adl/migrations/092_config_modifiers_schema.sql; adl/migrations/093_config_modifiers_data_migration.sql; adl/migrations/093b_normalize_remaining_runway_ids.sql; adl/migrations/093c_fix_edge_case_runway_ids.sql; adl/migrations/093d_cleanup_kmsp_orphans.sql; adl/migrations/095_atis_type_priority.sql,
p_plans,p_plans,23,10,api/analysis/get_plan_ids.php; api/analysis/perti_events.php; api/data/plans.l.php; api/data/plans/enroute_inits_timeline.php; api/data/plans/term_inits_timeline.php; api/data/review/tmr_export.php; api/data/review/tmr_report.php; api/data/review/tmr_tmis.php; api/data/review/tmr_weather.php; api/mgt/perti/delete.php,docs/CODEBASE_REORGANIZATION_CATALOG.md; docs/DEPLOYMENT_GUIDE.md; docs/STATUS.md; docs/mysql-8-upgrade-analysis.md; docs/plans/2026-02-15-vatcan-interop-design.md; docs/plans/2026-02-15-vatcan-interop-implementation.md; docs/vATCSCC_Use_Case_Digestible_v5.md; wiki/Architecture.md; wiki/Database-Schema.md; wiki/Navigation-Helper.md
organizations,organizations,22,1,api/data/personnel.php; api/data/plans.l.php; api/data/playbook/acl.php; api/data/playbook/org_members.php; api/data/playbook/orgs.php; api/data/playbook/user_search.php; api/mgt/personnel/post.php; api/mgt/personnel/update_org.php; api/session/switch_org.php; data.php,docs/plans/2026-02-15-vatcan-interop-design.md
tmi_entries,dbo.tmi_entries; tmi_entries,22,18,api/data/review/tmr_tmis.php; api/demand/active_config.php; api/demand/scheduled_configs.php; api/mgt/tmi/active.php; api/mgt/tmi/cancel.php; api/mgt/tmi/coordinate.php; api/mgt/tmi/edit.php; api/mgt/tmi/promote.php; api/mgt/tmi/publish.php; api/mgt/tmi/queue.php,docs/QUICK_REFERENCE.md; docs/STATUS.md; docs/fmds-comparison.md; docs/plans/2026-02-09-nod-tmi-facility-flows-design.md; docs/plans/2026-02-15-vatcan-interop-design.md; docs/plans/2026-02-15-vatcan-interop-implementation.md; docs/tmi/ARCHITECTURE.md; docs/tmi/COST_ANALYSIS.md; docs/tmi/DATABASE.md; docs/tmi/README.md
airport_config_rate,dbo.airport_config_rate,21,0,adl/migrations/079_event_aar_from_config.sql; adl/migrations/079_event_aar_from_flights.sql; adl/migrations/080_airport_config_schema.sql; adl/migrations/080_event_aar_no_defaults.sql; adl/migrations/089_atis_weather_columns.sql; adl/migrations/090_detected_runway_config.sql; adl/migrations/091_manual_rate_overrides.sql; adl/migrations/093b_normalize_remaining_runway_ids.sql; adl/migrations/095_atis_type_priority.sql; api/mgt/config_data/post.php,
tmi_slots,dbo.tmi_slots,21,1,api/gdt/demand/hourly.php; api/gdt/programs/get.php; api/gdt/programs/purge.php; api/gdt/programs/simulate.php; api/gdt/slots/list.php; api/tmi/programs.php; database/migrations/tmi/002_create_tmi_slots.sql; database/migrations/tmi/005_create_views.sql; database/migrations/tmi/006_create_core_procedures.sql; database/migrations/tmi/007_create_rbs_and_popup_procedures.sql,docs/tmi/DATABASE.md
playbook_plays,playbook_plays,20,9,api/ctp/routes/suggest.php; api/data/playbook/acl.php; api/data/playbook/analysis.php; api/data/playbook/categories.php; api/data/playbook/changelog.php; api/data/playbook/get.php; api/data/playbook/list.php; api/mgt/playbook/acl.php; api/mgt/playbook/delete.php; api/mgt/playbook/groups.php,docs/superpowers/specs/2026-03-12-ctp-e26-integration-design.md; docs/superpowers/specs/2026-03-13-swim-playbook-cdr-routes-design.md; wiki/API-Reference.md; wiki/Architecture.md; wiki/Changelog.md; wiki/Data-Flow.md; wiki/Database-Schema.md; wiki/Navigation-Helper.md; wiki/Playbook.md
tmi_reroutes,dbo.tmi_reroutes; tmi_reroutes,20,14,api/ctp/routes/suggest.php; api/data/review/tmr_tmis.php; api/data/tmi/reroute.php; api/mgt/tmi/active.php; api/mgt/tmi/cancel.php; api/mgt/tmi/coordinate.php; api/mgt/tmi/edit.php; api/mgt/tmi/reroutes/bulk.php; api/mgt/tmi/reroutes/delete.php; api/mgt/tmi/reroutes/post.php,docs/QUICK_REFERENCE.md; docs/STATUS.md; docs/fmds-comparison.md; docs/plans/2026-02-09-nod-tmi-facility-flows-design.md; docs/plans/2026-02-15-vatcan-interop-design.md; docs/plans/2026-02-15-vatcan-interop-implementation.md; docs/tmi/ARCHITECTURE.md; docs/tmi/COST_ANALYSIS.md; docs/tmi/DATABASE.md; docs/tmi/README.md
artcc_boundaries,artcc_boundaries,19,11,database/migrations/postgis/001_boundaries_schema.sql; database/migrations/postgis/002_extended_functions.sql; database/migrations/postgis/003_airports_table.sql; database/migrations/postgis/ctp_oceanic_validation.sql; database/migrations/postgis/route_analysis_function.sql; load/services/GISService.php; scripts/postgis/004_route_expansion_functions.sql; scripts/postgis/006_batch_boundary_detection.sql; scripts/postgis/007_batch_sector_detection.sql; scripts/postgis/008_trajectory_crossings.sql,docs/COMPUTATIONAL_REFERENCE.md; docs/DEPLOYMENT_GUIDE.md; docs/STATUS.md; docs/fmds-comparison.md; docs/plans/2026-02-02-tmi-trajectory.md; docs/superpowers/specs/2026-03-12-ctp-e26-integration-design.md; wiki/Database-Schema.md; wiki/FMDS-Comparison.md; wiki/GIS-API.md; wiki/Navigation-Helper.md
vw_adl_flights,dbo.vw_adl_flights,19,2,adl/migrations/tmi/008_view_compute_missing_times.sql; adl/migrations/tmi/009_add_gs_flag_eligibility.sql; api/adl/AdlQueryHelper.php; api/adl/diagnostic.php; api/adl/snapshot_history.php; api/demand/summary.php; api/gdt/programs/model.php; api/gdt/programs/reoptimize.php; api/gdt/programs/simulate.php; api/tmi/gdp_apply.php,docs/tmi/GDT_Session_20260121.md; docs/tmi/GS_Eligibility_Fix_Transition.md
vatsim_atis,dbo.vatsim_atis,17,0,adl/migrations/085_atis_runway_schema.sql; adl/migrations/087_atis_tiered_cleanup.sql; adl/migrations/088_atis_batch_import.sql; adl/migrations/089_atis_backfill_reparse.sql; adl/migrations/089_atis_weather_columns.sql; adl/migrations/089_fix_batch_import_stringagg.sql; adl/migrations/090_detected_runway_config.sql; adl/migrations/090_fix_runway_dedup.sql; adl/migrations/091_manual_rate_overrides.sql; adl/migrations/094_fix_stale_atis_combination.sql,
adl_flight_trajectory,dbo.adl_flight_trajectory,16,2,adl/migrations/090_detected_runway_config.sql; adl/migrations/eta/005_sp_ProcessTrajectoryBatch.sql; adl/migrations/eta/006_fix_batch_proc.sql; adl/migrations/eta/008_eta_trajectory_deploy.sql; adl/migrations/eta/010_eta_batch_consolidation.sql; adl/migrations/eta/011_eta_batch_fix.sql; adl/procedures/sp_LogTrajectory.sql; adl/procedures/sp_ProcessTrajectoryBatch.sql; adl/scripts/analyze_storage.sql; adl/scripts/migrate_legacy_to_normalized.sql,docs/plans/2026-02-02-tmi-trajectory.md; wiki/Algorithm-Trajectory-Tiering.md
ctp_flight_control,dbo.ctp_flight_control,16,0,api/ctp/demand.php; api/ctp/flights/assign_edct.php; api/ctp/flights/assign_edct_batch.php; api/ctp/flights/compliance.php; api/ctp/flights/detect.php; api/ctp/flights/exclude.php; api/ctp/flights/get.php; api/ctp/flights/list.php; api/ctp/flights/modify_route.php; api/ctp/flights/remove_edct.php,
ntml,dbo.ntml,16,2,adl/migrations/tmi/002_gs_procedures.sql; adl/migrations/tmi/003_gdt_views.sql; adl/migrations/tmi/004_fix_gs_etd_fallback.sql; adl/migrations/tmi/005_fix_gs_etd_comprehensive.sql; adl/migrations/tmi/006_gs_model_fir_support.sql; adl/migrations/tmi/007_gs_model_fir_exclusions.sql; adl/migrations/tmi/test_gs_workflow.sql; api/adl/AdlQueryHelper.php; api/swim/v1/tmi/programs.php; api/tmi/gs/activate.php,docs/GDT_Unified_Design_Document_v1.md; docs/tmi/SESSION_TRANSITION_20260117.md
tmi_advisories,dbo.tmi_advisories; tmi_advisories,16,22,api/data/review/tmr_tmis.php; api/mgt/tmi/active.php; api/mgt/tmi/cancel.php; api/mgt/tmi/edit.php; api/mgt/tmi/promote.php; api/mgt/tmi/publish.php; api/mgt/tmi/queue.php; api/mgt/tmi/staged.php; api/swim/v1/tmi/advisories.php; api/tmi/advisories.php,docs/CANOC_ADVISORY_INTEGRATION.md; docs/COMPUTATIONAL_REFERENCE.md; docs/QUICK_REFERENCE.md; docs/STATUS.md; docs/fmds-comparison.md; docs/gdt-tmi-workflow-plan.md; docs/plans/2026-02-11-gdt-workflow-enhancement-design.md; docs/plans/2026-02-15-vatcan-interop-design.md; docs/plans/2026-02-15-vatcan-interop-implementation.md; docs/tmi/ARCHITECTURE.md
tracon_boundaries,tracon_boundaries,16,10,api/mgt/playbook/save.php; database/migrations/postgis/001_boundaries_schema.sql; database/migrations/postgis/002_extended_functions.sql; database/migrations/postgis/003_airports_table.sql; database/migrations/postgis/route_analysis_function.sql; load/services/GISService.php; scripts/playbook/recompute_traversed.php; scripts/postgis/005_batch_route_functions.sql; scripts/postgis/006_batch_boundary_detection.sql; scripts/postgis/007_batch_sector_detection.sql,docs/COMPUTATIONAL_REFERENCE.md; docs/DEPLOYMENT_GUIDE.md; docs/STATUS.md; docs/fmds-comparison.md; docs/superpowers/specs/2026-03-12-ctp-e26-integration-design.md; wiki/Database-Schema.md; wiki/FMDS-Comparison.md; wiki/GIS-API.md; wiki/Navigation-Helper.md; wiki/Troubleshooting.md
sector_boundaries,sector_boundaries,15,9,api/mgt/playbook/save.php; database/migrations/postgis/001_boundaries_schema.sql; database/migrations/postgis/002_extended_functions.sql; load/services/GISService.php; scripts/playbook/recompute_traversed.php; scripts/postgis/005_batch_route_functions.sql; scripts/postgis/006_batch_boundary_detection.sql; scripts/postgis/007_batch_sector_detection.sql; scripts/postgis/008_trajectory_crossings.sql; scripts/postgis/009_boundary_adjacency_network.sql,docs/COMPUTATIONAL_REFERENCE.md; docs/DEPLOYMENT_GUIDE.md; docs/fmds-comparison.md; docs/superpowers/specs/2026-03-12-ctp-e26-integration-design.md; wiki/Database-Schema.md; wiki/FMDS-Comparison.md; wiki/GIS-API.md; wiki/Navigation-Helper.md; wiki/Splits.md
tmi_events,dbo.tmi_events,15,1,api/gdt/programs/active.php; api/gdt/programs/purge.php; api/gdt/programs/revise.php; api/gdt/programs/transition.php; api/mgt/tmi/cancel.php; api/mgt/tmi/edit.php; api/tmi/gs/get.php; database/migrations/tmi/001_tmi_core_schema_azure_sql.sql; database/migrations/tmi/006_create_core_procedures.sql; database/migrations/tmi/007_create_rbs_and_popup_procedures.sql,docs/tmi/DATABASE.md
adl_parse_queue,dbo.adl_parse_queue,14,2,adl/migrations/086_parse_queue_cleanup.sql; adl/migrations/086b_fix_retention.sql; adl/migrations/backfill/backfill_quick_v43.sql; adl/migrations/backfill/backfill_reparse_v43.sql; adl/php/cleanup_queue.php; adl/php/parse_queue_daemon.php; adl/php/parse_queue_gis_daemon.php; adl/procedures/diagnostic_check.sql; adl/procedures/sp_ParseQueue.sql; adl/procedures/sp_ParseRoute.sql,docs/adl-ingest-outage-2026-02-17-claude-brief.md; wiki/Algorithm-Route-Parsing.md
adl_flight_changelog,dbo.adl_flight_changelog,13,1,adl/migrations/changelog/000_deploy_changelog_system.sql; adl/migrations/changelog/002_trigger_flight_core.sql; adl/migrations/changelog/003_fix_flight_status_reference.sql; adl/migrations/changelog/003_trigger_flight_plan.sql; adl/migrations/changelog/004_trigger_flight_times.sql; adl/migrations/changelog/005_trigger_aircraft_tmi.sql; adl/migrations/changelog/006_utility_procedures.sql; adl/scripts/analyze_storage.sql; adl/scripts/sp_ArchiveChangelog_Enhanced.sql; api/gdt/programs/fairness.php,docs/adl-ingest-outage-2026-02-17-claude-brief.md
aircraft_performance_profiles,dbo.aircraft_performance_profiles,13,0,adl/migrations/eta/002_fix_aircraft_profiles.sql; adl/migrations/eta/003_seed_missing_profiles.sql; adl/migrations/eta/004_fix_sp_CalculateETA.sql; adl/migrations/eta/007_eta_trajectory_seed_data.sql; adl/migrations/eta/008_eta_trajectory_deploy.sql; adl/migrations/eta/009_deploy_eta_trajectory_system.sql; adl/migrations/performance/001_aircraft_performance_seed.sql; adl/migrations/performance/002_bada_import_infrastructure.sql; adl/migrations/performance/003_openap_aircraft_import.sql; adl/procedures/fn_GetAircraftPerformance.sql,
coded_departure_routes,dbo.coded_departure_routes,13,2,adl/migrations/ref/002_initial_data_load.sql; adl/reference_data/generate_sql_v4.php; adl/reference_data/import_cdrs.php; adl/reference_data/sql_output/03_cdrs.sql; adl/scripts/sync_ref_to_adl.sql; api/ctp/routes/suggest.php; api/nod/flows/elements.php; api/simulator/routes.php; api/simulator/traffic.php; database/migrations/adl/022_cdr_artcc_columns.sql,docs/superpowers/specs/2026-03-13-swim-playbook-cdr-routes-design.md; wiki/AIRAC-Update.md
p_configs,p_configs,13,7,api/analysis/perti_events.php; api/data/plans/configs.php; api/data/review/tmr_report.php; api/data/review/tmr_weather.php; api/data/sheet/configs.php; api/mgt/configs/delete.php; api/mgt/configs/fill.php; api/mgt/configs/post.php; api/mgt/configs/update.php; api/mgt/tmi/configs.php,docs/DEPLOYMENT_GUIDE.md; docs/fmds-comparison.md; docs/plans/2026-02-15-vatcan-interop-design.md; docs/plans/2026-02-15-vatcan-interop-implementation.md; wiki/Architecture.md; wiki/FMDS-Comparison.md; wiki/Navigation-Helper.md
user_orgs,user_orgs,13,3,api/data/personnel.php; api/data/playbook/acl.php; api/data/playbook/org_members.php; api/data/playbook/user_search.php; api/mgt/personnel/post.php; api/mgt/personnel/update_org.php; database/migrations/org/001_create_organizations.sql; database/migrations/org/006_add_global_role.sql; database/migrations/org/007_rename_vatcan_to_canoc.sql; database/migrations/org/009_add_global_organization.sql,docs/DEPLOYMENT_GUIDE.md; docs/plans/2026-02-15-vatcan-interop-design.md; docs/plans/2026-02-15-vatcan-interop-implementation.md
vatusa_event_airport,dbo.vatusa_event_airport,13,0,adl/migrations/079_event_aar_from_config.sql; adl/migrations/079_event_aar_from_flights.sql; adl/migrations/080_event_aar_no_defaults.sql; adl/migrations/087_atis_tiered_cleanup.sql; adl/migrations/stats/005_vatusa_event_stats.sql; adl/migrations/stats/007_vatusa_event_computed_columns.sql; api/event-aar/list.php; api/event-aar/update.php; event-aar.php; scripts/statsim/074_vatusa_event_import.sql,
adl_flight_planned_crossings,dbo.adl_flight_planned_crossings,12,0,adl/migrations/crossings/004_forecast_views.sql; adl/migrations/crossings/DEPLOY_ALL_CROSSINGS.sql; adl/migrations/crossings/FIX_COLUMN_NAMES.sql; adl/php/crossing_gis_daemon.php; adl/procedures/diagnostic_boundary_crossings.sql; adl/procedures/sp_CalculatePlannedCrossings.sql; adl/procedures/sp_CalculatePlannedCrossingsBatch.sql; adl/procedures/sp_CalculatePlannedCrossingsBatch_v2.sql; adl/procedures/sp_ProcessBoundaryAndCrossings_Background.sql; api/ctp/flights/detect.php,
swim_api_keys,dbo.swim_api_keys,12,3,api/swim/v1/auth.php; api/swim/v1/health.php; api/swim/v1/keys/provision.php; api/swim/v1/keys/revoke.php; api/swim/v1/playbook/plays.php; api/swim/v1/ws/WebSocketServer.php; database/migrations/swim/001_swim_tables.sql; database/migrations/swim/002_swim_api_database.sql; database/migrations/swim/003_swim_api_database_fixed.sql; database/migrations/swim/018_swim_simtraffic_api_key.sql,docs/swim/SWIM_Phase2_Phase3_Transition.md; docs/swim/VATSWIM_API_Documentation.md; docs/swim/VATSWIM_Release_Documentation.md
vatusa_event,dbo.vatusa_event,12,0,adl/migrations/079_event_aar_from_config.sql; adl/migrations/079_event_aar_from_flights.sql; adl/migrations/080_event_aar_no_defaults.sql; adl/migrations/087_atis_tiered_cleanup.sql; adl/migrations/stats/005_vatusa_event_stats.sql; adl/migrations/stats/007_vatusa_event_computed_columns.sql; api/event-aar/list.php; event-aar.php; scripts/statsim/074_vatusa_event_import.sql; scripts/statsim/074_vatusa_event_import_1_events.sql,
adl_zone_events,dbo.adl_zone_events,11,1,adl/migrations/oooi/002_oooi_deploy.sql; adl/migrations/oooi/004_oooi_batch_v2.sql; adl/migrations/oooi/005_oooi_verify.sql; adl/migrations/oooi/006_zone_detection_arrival_fix.sql; adl/migrations/oooi/007_oooi_batch_v3.sql; adl/migrations/oooi/008_oooi_verify_v2.sql; adl/procedures/sp_DetectZoneTransition.sql; adl/procedures/sp_ProcessZoneDetectionBatch.sql; adl/procedures/sp_ProcessZoneDetectionBatch_Tiered.sql; adl/procedures/sp_ProcessZoneDetectionBatch_v3.sql,wiki/Algorithm-Zone-Detection.md
nav_procedures,dbo.nav_procedures,11,2,adl/migrations/cifp/002_cifp_import_procedure.sql; adl/migrations/navdata/005_fix_star_computer_codes.sql; adl/migrations/ref/002_initial_data_load.sql; adl/procedures/sp_ParseRoute.sql; adl/reference_data/generate_sql_v4.php; adl/reference_data/import_procedures.php; adl/reference_data/sql_output/05_procedures.sql; adl/scripts/sync_ref_to_adl.sql; api/nod/flows/elements.php; api/nod/flows/suggestions.php,docs/plans/2026-02-16-holding-detection.md; wiki/AIRAC-Update.md
playbook_changelog,playbook_changelog,11,8,api/data/playbook/changelog.php; api/mgt/playbook/acl.php; api/mgt/playbook/delete.php; api/mgt/playbook/route.php; api/mgt/playbook/save.php; lib/Changelog.php; scripts/playbook/import_atc_zero.php; scripts/playbook/import_cadena_pasa.php; scripts/playbook/import_faa_to_db.php; scripts/playbook/import_historical_to_db.php,docs/superpowers/specs/2026-03-12-ctp-e26-integration-design.md; wiki/API-Reference.md; wiki/Architecture.md; wiki/Changelog.md; wiki/Data-Flow.md; wiki/Database-Schema.md; wiki/Navigation-Helper.md; wiki/Playbook.md
tmi_public_routes,dbo.tmi_public_routes; tmi_public_routes,11,10,api/ctp/routes/suggest.php; api/mgt/tmi/active.php; api/mgt/tmi/cancel.php; api/mgt/tmi/coordinate.php; api/swim/v1/tmi/routes.php; api/tmi/public-routes.php; database/migrations/tmi/001_tmi_core_schema_azure_sql.sql; database/migrations/tmi/013_migrate_public_routes.sql; database/migrations/tmi/cleanup_test_data.sql; scripts/tmi/cleanup_test_data.php,docs/QUICK_REFERENCE.md; docs/STATUS.md; docs/plans/2026-02-15-vatcan-interop-design.md; docs/plans/2026-02-15-vatcan-interop-implementation.md; docs/tmi/ARCHITECTURE.md; docs/tmi/COST_ANALYSIS.md; docs/tmi/DATABASE.md; docs/tmi/README.md; wiki/Database-Schema.md; wiki/Route-Plotter.md
vw_airport_config_summary,dbo.vw_airport_config_summary,11,1,adl/migrations/089_atis_weather_columns.sql; adl/migrations/090_detected_runway_config.sql; adl/migrations/091_manual_rate_overrides.sql; adl/migrations/095_atis_type_priority.sql; api/data/configs.php; api/data/plans/configs.php; api/data/sheet/configs.php; api/demand/config_search.php; api/demand/configs.php; api/mgt/tmi/airport_configs.php,docs/tmi/TMI_Publisher_v1.8.0_Transition.md
adl_boundary_grid,adl_boundary_grid; dbo.adl_boundary_grid,10,5,adl/migrations/boundaries/009_boundary_grid_lookup.sql; adl/migrations/boundaries/009b_populate_all_boundary_grids.sql; adl/migrations/crossings/DEPLOY_ALL_CROSSINGS.sql; adl/procedures/diagnostic_boundary_crossings.sql; adl/procedures/sp_CalculatePlannedCrossings.sql; adl/procedures/sp_CalculatePlannedCrossingsBatch_v2.sql; adl/procedures/sp_ProcessBoundaryAndCrossings_Background.sql; adl/procedures/sp_ProcessBoundaryDetectionBatch.sql; adl/procedures/sp_ProcessBoundaryDetectionBatch_v2.sql; api/stats/boundary_debug.php,docs/COMPUTATIONAL_REFERENCE.md; docs/fmds-comparison.md; docs/planned_crossings_performance.md; wiki/FMDS-Comparison.md; wiki/Troubleshooting.md
airways,dbo.airways,10,1,adl/migrations/navdata/004_xplane_navdata_import.sql; adl/migrations/ref/002_initial_data_load.sql; adl/procedures/sp_ParseRoute.sql; adl/reference_data/generate_sql_v4.php; adl/reference_data/import_airways.php; adl/reference_data/sql_output/02_airways.sql; adl/scripts/sync_ref_to_adl.sql; api/adl/airway.php; api/nod/flows/elements.php; status.php,wiki/AIRAC-Update.md
atis_config_history,dbo.atis_config_history,10,0,adl/migrations/079_event_aar_from_config.sql; adl/migrations/080_event_aar_no_defaults.sql; adl/migrations/085_atis_runway_schema.sql; adl/migrations/087_atis_tiered_cleanup.sql; adl/migrations/088_atis_batch_import.sql; adl/migrations/089_atis_backfill_reparse.sql; adl/migrations/089_fix_batch_import_stringagg.sql; adl/migrations/090_fix_runway_dedup.sql; adl/migrations/096_atis_reparse_kmia_patterns.sql; scripts/cdm_daemon.php,
flight_phase_snapshot,dbo.flight_phase_snapshot,10,0,adl/migrations/stats/012_flight_phase_snapshot.sql; adl/migrations/stats/012b_backfill_phase_snapshots.sql; adl/migrations/stats/012c_rebackfill_snapshots.sql; adl/migrations/stats/012d_fix_phase_snapshot.sql; adl/migrations/stats/012e_backfill_with_ratios.sql; adl/migrations/stats/013_snapshot_gap_backfill.sql; api/stats/flight_phase_history.php; api/stats/snapshot_debug.php; scripts/vatsim_adl_daemon.php; status.php,
vatusa_event_hourly,dbo.vatusa_event_hourly,10,0,adl/migrations/stats/007_vatusa_event_computed_columns.sql; adl/migrations/stats/009_fix_computed_formulas.sql; adl/migrations/stats/010_complete_computed_formulas.sql; adl/migrations/stats/011_extended_analytics.sql; api/event-aar/list.php; api/event-aar/update.php; event-aar.php; scripts/statsim/074_vatusa_event_import.sql; scripts/statsim/074_vatusa_event_import_3_hourly_01.sql; scripts/statsim/074_vatusa_event_import_RUN_ALL.sql,
adl_flight_boundary_log,adl_flight_boundary_log; dbo.adl_flight_boundary_log,9,4,adl/migrations/boundaries/003_boundary_import_procedure.sql; adl/migrations/stats/002_flight_stats_procedures.sql; adl/php/boundary_gis_daemon.php; adl/procedures/diagnostic_boundary_crossings.sql; adl/procedures/sp_ProcessBoundaryAndCrossings_Background.sql; adl/procedures/sp_ProcessBoundaryDetectionBatch.sql; adl/procedures/sp_ProcessBoundaryDetectionBatch_v2.sql; api/stats/boundary_debug.php; status.php,docs/AZURE_COST_OPTIMIZATION_ANALYSIS.md; docs/COMPUTATIONAL_REFERENCE.md; docs/plans/2026-02-02-adl-raw-data-lake-design.md; wiki/Navigation-Helper.md
airport_geometry,dbo.airport_geometry,9,1,adl/migrations/oooi/002_oooi_deploy.sql; adl/migrations/oooi/003_seed_airport_zones.sql; adl/php/import_osm_airport_geometry.php; adl/php/import_osm_web.php; adl/procedures/fn_DetectCurrentZone.sql; adl/procedures/sp_ImportAirportGeometry.sql; adl/procedures/sp_ProcessZoneDetectionBatch.sql; adl/procedures/sp_ProcessZoneDetectionBatch_Tiered.sql; adl/procedures/sp_ProcessZoneDetectionBatch_v3.sql,wiki/Algorithm-Zone-Detection.md
airports,airports; dbo.airports,9,2,api/tmi/gdp_preview.php; api/tmi/gdp_simulate.php; database/migrations/postgis/002_extended_functions.sql; database/migrations/postgis/003_airports_table.sql; database/migrations/postgis/004_fix_disambiguation.sql; database/migrations/postgis/route_analysis_function.sql; scripts/postgis/004_route_expansion_functions.sql; scripts/postgis/016_hierarchy_filter_functions.sql; status.php,wiki/Database-Schema.md; wiki/Navigation-Helper.md
ctp_sessions,dbo.ctp_sessions,9,0,api/ctp/common.php; api/ctp/flights/detect.php; api/ctp/sessions/activate.php; api/ctp/sessions/complete.php; api/ctp/sessions/create.php; api/ctp/sessions/list.php; api/ctp/sessions/update.php; database/migrations/tmi/045_ctp_oceanic_schema.sql; scripts/vatsim_adl_daemon.php,
p_terminal_init_times,p_terminal_init_times,9,3,api/data/plans/term_inits.php; api/data/plans/term_inits_bu.php; api/mgt/terminal_init_times/create.php; api/mgt/terminal_inits/delete.php; api/mgt/terminal_inits/times/create.php; api/mgt/terminal_inits/times/delete.php; api/mgt/terminal_inits/times/post.php; api/mgt/terminal_inits/times/set.php; api/mgt/terminal_inits/times/update.php,docs/DEPLOYMENT_GUIDE.md; docs/plans/2026-02-15-vatcan-interop-design.md; docs/plans/2026-02-15-vatcan-interop-implementation.md
perti_events,dbo.perti_events,9,1,api/events/list.php; api/events/sync.php; database/migrations/adl/002_create_perti_events.sql; database/migrations/adl/003_fix_event_types.sql; database/migrations/adl/003a_fix_constraint.sql; database/migrations/adl/004_create_event_position_log.sql; database/migrations/adl/013_compute_tmi_tier.sql; database/migrations/adl/015_tmi_trajectory_view.sql; scripts/sync_perti_events.php,docs/plans/2026-02-02-tmi-trajectory.md
swim_audit_log,dbo.swim_audit_log,9,2,api/swim/v1/auth.php; api/swim/v1/health.php; api/swim/v1/keys/provision.php; api/swim/v1/keys/revoke.php; database/migrations/swim/001_swim_tables.sql; database/migrations/swim/002_swim_api_database.sql; database/migrations/swim/003_swim_api_database_fixed.sql; scripts/swim_cleanup.php; status.php,docs/swim/VATSWIM_API_Documentation.md; docs/swim/VATSWIM_Release_Documentation.md
airport_weather_impact,dbo.airport_weather_impact,8,0,adl/migrations/080_airport_config_schema.sql; adl/migrations/080_event_aar_no_defaults.sql; adl/migrations/089_atis_weather_columns.sql; adl/migrations/090_detected_runway_config.sql; adl/migrations/091_manual_rate_overrides.sql; adl/migrations/095_atis_type_priority.sql; api/data/configs.php; api/data/weather_impacts.php,
airway_segments,dbo.airway_segments,8,0,adl/migrations/navdata/004_xplane_navdata_import.sql; adl/migrations/ref/002_initial_data_load.sql; adl/reference_data/generate_sql_v4.php; adl/reference_data/import_airways.php; adl/reference_data/sql_output/02_airways.sql; adl/scripts/sync_ref_to_adl.sql; api/adl/airway.php; api/adl/demand/batch.php,
config_modifier,dbo.config_modifier,8,0,adl/migrations/092_config_modifiers_schema.sql; adl/migrations/093_config_modifiers_data_migration.sql; adl/migrations/093a_fix_config_modifier_runway_id.sql; adl/migrations/093b_normalize_remaining_runway_ids.sql; adl/migrations/093c_fix_edge_case_runway_ids.sql; api/data/configs.php; api/mgt/config_data/post.php; api/mgt/config_data/update.php,
p_dcc_staffing,p_dcc_staffing,8,4,api/data/plans/dcc_staffing.php; api/data/review/tmr_staffing.php; api/data/sheet/dcc_staffing.php; api/mgt/dcc/delete.php; api/mgt/dcc/post.php; api/mgt/dcc/update.php; api/mgt/plan/get.php; api/user/dcc/update.php,docs/DEPLOYMENT_GUIDE.md; docs/plans/2026-02-15-vatcan-interop-design.md; docs/plans/2026-02-15-vatcan-interop-implementation.md; wiki/Navigation-Helper.md
p_enroute_init_times,p_enroute_init_times,8,3,api/data/plans/enroute_inits.php; api/mgt/enroute_initializations/delete.php; api/mgt/enroute_initializations/times/create.php; api/mgt/enroute_initializations/times/delete.php; api/mgt/enroute_initializations/times/post.php; api/mgt/enroute_initializations/times/set.php; api/mgt/enroute_initializations/times/update.php; api/mgt/terminal_init_times/set.php,docs/DEPLOYMENT_GUIDE.md; docs/plans/2026-02-15-vatcan-interop-design.md; docs/plans/2026-02-15-vatcan-interop-implementation.md
p_terminal_init,p_terminal_init,8,4,api/data/plans/term_inits.php; api/data/plans/term_inits_bu.php; api/mgt/plan/get.php; api/mgt/terminal_inits/delete.php; api/mgt/terminal_inits/post.php; api/mgt/terminal_inits/update.php; api/statsim/fetch.php; api/statsim/plan_info.php,docs/DEPLOYMENT_GUIDE.md; docs/plans/2026-02-15-vatcan-interop-design.md; docs/plans/2026-02-15-vatcan-interop-implementation.md; wiki/Architecture.md
public_routes,dbo.public_routes,8,0,api/mgt/tmi/reroutes/update_geojson.php; api/routes/public.php; api/routes/public_delete.php; api/routes/public_update.php; api/simulator/routes.php; api/simulator/traffic.php; database/migrations/schema/002_public_routes.sql; database/migrations/tmi/013_migrate_public_routes.sql,
runway_in_use,dbo.runway_in_use,8,0,adl/migrations/085_atis_runway_schema.sql; adl/migrations/088_atis_batch_import.sql; adl/migrations/089_atis_backfill_reparse.sql; adl/migrations/089_fix_batch_import_stringagg.sql; adl/migrations/090_fix_runway_dedup.sql; adl/migrations/094_fix_stale_atis_combination.sql; adl/migrations/095_atis_type_priority.sql; adl/migrations/096_atis_reparse_kmia_patterns.sql,
tmi_flow_providers,dbo.tmi_flow_providers,8,0,api/swim/v1/tmi/flow/events.php; api/swim/v1/tmi/flow/index.php; api/swim/v1/tmi/flow/measures.php; api/swim/v1/tmi/flow/providers.php; api/swim/v1/tmi/measures.php; scripts/ecfmp_poll_daemon.php; scripts/vacdm_poll_daemon.php; sql/migrations/20260117_add_flow_tables.sql,
tmi_proposals,dbo.tmi_proposals; tmi_proposals,8,14,api/gdt/programs/publish.php; api/gdt/programs/submit_proposal.php; api/mgt/tmi/cancel.php; api/mgt/tmi/coordinate.php; api/swim/v1/tmi/routes.php; cron/process_tmi_proposals.php; database/migrations/tmi/020_tmi_proposals.sql; database/migrations/tmi/cleanup_test_data.sql,docs/QUICK_REFERENCE.md; docs/STATUS.md; docs/fmds-comparison.md; docs/gdt-tmi-workflow-plan.md; docs/plans/2026-02-15-vatcan-interop-design.md; docs/plans/2026-02-15-vatcan-interop-implementation.md; docs/tmi/ANNOUNCEMENT_TMI_COORDINATION.md; docs/tmi/ANNOUNCEMENT_TMI_COORDINATION_DISCORD.md; docs/tmi/ARCHITECTURE.md; docs/tmi/DATABASE.md
adl_flights_history,dbo.adl_flights_history,7,0,adl/migrations/079_event_aar_from_flights.sql; adl/scripts/migrate_legacy_to_normalized.sql; adl/scripts/migrate_trajectory_parallel.sql; adl/scripts/migrate_trajectory_simple.sql; api/adl/snapshot_history.php; api/nod/tracks.php; database/migrations/schema/001_adl_history_stored_procedure.sql,
p_enroute_staffing,p_enroute_staffing,7,4,api/data/plans/enroute_staffing.php; api/data/review/tmr_staffing.php; api/data/sheet/enroute_staffing.php; api/mgt/enroute_staffing/delete.php; api/mgt/enroute_staffing/post.php; api/mgt/enroute_staffing/update.php; api/user/enroute_staffing/update.php,docs/DEPLOYMENT_GUIDE.md; docs/plans/2026-02-15-vatcan-interop-design.md; docs/plans/2026-02-15-vatcan-interop-implementation.md; wiki/Navigation-Helper.md
p_terminal_staffing,p_terminal_staffing,7,4,api/data/plans/term_staffing.php; api/data/review/tmr_staffing.php; api/data/sheet/term_staffing.php; api/mgt/terminal_staffing/delete.php; api/mgt/terminal_staffing/post.php; api/mgt/terminal_staffing/update.php; api/user/term_staffing/update.php,docs/DEPLOYMENT_GUIDE.md; docs/plans/2026-02-15-vatcan-interop-design.md; docs/plans/2026-02-15-vatcan-interop-implementation.md; wiki/Navigation-Helper.md
splits_configs,dbo.splits_configs; splits_configs,7,6,api/scheduler.php; api/splits/active.php; api/splits/configs.php; api/splits/debug.php; api/splits/scheduled.php; api/splits/test.php; database/migrations/schema/007_splits_configs_updated_at.sql,docs/fmds-comparison.md; wiki/Architecture.md; wiki/Data-Flow.md; wiki/Database-Schema.md; wiki/FMDS-Comparison.md; wiki/Splits.md
sua_activations,sua_activations,7,2,api/data/sua/activations.l.php; api/data/sua/activations.php; api/mgt/sua/activate.php; api/mgt/sua/altrv_create.php; api/mgt/sua/delete.php; api/mgt/sua/tfr_create.php; api/mgt/sua/update.php,docs/fmds-comparison.md; wiki/FMDS-Comparison.md
tmi_discord_posts,dbo.tmi_discord_posts,7,1,api/mgt/tmi/promote.php; api/mgt/tmi/publish.php; api/mgt/tmi/queue.php; api/mgt/tmi/staged.php; database/migrations/tmi/016_tmi_discord_posts.sql; database/migrations/tmi/cleanup_test_data.sql; scripts/tmi/process_discord_queue.php,docs/tmi/Unified_TMI_Publisher_Design.md
tmi_flow_events,dbo.tmi_flow_events,7,0,api/ctp/sessions/create.php; api/ctp/sessions/get.php; api/ctp/sessions/list.php; api/swim/v1/tmi/flow/events.php; api/swim/v1/tmi/flow/measures.php; api/swim/v1/tmi/measures.php; sql/migrations/20260117_add_flow_tables.sql,
tmi_reroute_flights,dbo.tmi_reroute_flights; tmi_reroute_flights,7,8,api/data/tmi/reroute.php; api/mgt/tmi/reroutes/bulk.php; api/mgt/tmi/reroutes/delete.php; api/swim/v1/tmi/reroutes.php; api/tmi/reroutes.php; database/migrations/tmi/cleanup_test_data.sql; scripts/tmi/cleanup_test_data.php,docs/QUICK_REFERENCE.md; docs/STATUS.md; docs/tmi/ARCHITECTURE.md; docs/tmi/COST_ANALYSIS.md; docs/tmi/DATABASE.md; docs/tmi/README.md; wiki/Database-Schema.md; wiki/Navigation-Helper.md
tmi_reroute_routes,dbo.tmi_reroute_routes,7,0,api/ctp/routes/suggest.php; api/mgt/tmi/coordinate.php; api/mgt/tmi/reroutes/post.php; api/nod/tmi_active.php; api/swim/v1/tmi/reroutes.php; api/swim/v1/tmi/routes.php; scripts/tmi/import_historical.php,
vw_current_runways_in_use,dbo.vw_current_runways_in_use,7,0,adl/migrations/085_atis_runway_schema.sql; adl/migrations/089_atis_weather_columns.sql; adl/migrations/090_detected_runway_config.sql; adl/migrations/091_manual_rate_overrides.sql; adl/migrations/094_fix_stale_atis_combination.sql; adl/migrations/095_atis_type_priority.sql; api/demand/atis.php,
weather_alerts,dbo.weather_alerts,7,0,adl/migrations/weather/001_weather_alerts_schema.sql; adl/migrations/weather/002_weather_impact_detection.sql; adl/migrations/weather/003_weather_refresh_integration.sql; adl/migrations/weather/004_fix_weather_polygon_orientation.sql; api/weather/alerts.php; api/weather/impact.php; status.php,
wind_grid,dbo.wind_grid,7,0,adl/analysis/eta_wind_accuracy_analysis.sql; adl/analysis/eta_wind_accuracy_report.php; adl/migrations/wind/001_wind_grid_schema.sql; adl/migrations/wind/002_eta_wind_integration.sql; adl/procedures/sp_GetFlightWindAdjustment.sql; adl/procedures/sp_UpdateFlightWindAdjustments.sql; adl/procedures/sp_UpdateFlightWindAdjustments_V2.sql,
adl_flights_gdp,dbo.adl_flights_gdp,6,0,adl/migrations/tmi/005_gdt_sandbox_tables.sql; api/tmi/gdp_apply.php; api/tmi/gdp_purge.php; api/tmi/gdp_purge_local.php; api/tmi/gdp_simulate.php; database/migrations/gdp/001_gdp_tables.sql,
adl_flights_gs,dbo.adl_flights_gs,6,0,adl/migrations/tmi/005_gdt_sandbox_tables.sql; api/tmi/gs_apply.php; api/tmi/gs_purge_all.php; api/tmi/gs_purge_local.php; api/tmi/gs_simulate.php; database/migrations/gdp/001_gdp_tables.sql,
flight_stats_job_config,dbo.flight_stats_job_config,6,0,adl/migrations/oooi/010_airport_taxi_reference.sql; adl/migrations/oooi/011_airport_connect_reference.sql; adl/migrations/stats/003_flight_stats_agent_jobs.sql; adl/migrations/stats/004_flight_stats_carrier_domestic.sql; adl/migrations/stats/004_flight_stats_trends.sql; adl/migrations/stats/005_vatusa_event_stats.sql,
p_op_goals,p_op_goals,6,4,api/data/plans/goals.php; api/data/review/tmr_ops_plan.php; api/mgt/goals/delete.php; api/mgt/goals/post.php; api/mgt/goals/update.php; api/mgt/plan/get.php,docs/DEPLOYMENT_GUIDE.md; docs/plans/2026-02-15-vatcan-interop-design.md; docs/plans/2026-02-15-vatcan-interop-implementation.md; wiki/Navigation-Helper.md
tmi_popup_queue,dbo.tmi_popup_queue,6,0,database/migrations/tmi/005_create_views.sql; database/migrations/tmi/007_create_rbs_and_popup_procedures.sql; database/migrations/tmi/011_create_gdt_views.sql; database/migrations/tmi/012_create_gdt_procedures.sql; database/migrations/tmi/037_gdp_phase1_fix_and_wire.sql; database/migrations/tmi/038_gdp_phase2_fpfs_rbd.sql,
tmi_proposal_facilities,dbo.tmi_proposal_facilities,6,0,api/gdt/programs/submit_proposal.php; api/mgt/tmi/coordinate.php; api/swim/v1/tmi/routes.php; cron/process_tmi_proposals.php; database/migrations/tmi/020_tmi_proposals.sql; database/migrations/tmi/cleanup_test_data.sql,
vw_airport_config_rates,dbo.vw_airport_config_rates,6,1,api/data/configs.php; api/data/plans/configs.php; api/data/sheet/configs.php; api/demand/config_search.php; api/demand/configs.php; api/mgt/tmi/airport_configs.php,docs/tmi/TMI_Publisher_v1.8.0_Transition.md
ACD_Data,dbo.ACD_Data,5,0,adl/migrations/navdata/006_simbrief_refresh_integration.sql; adl/procedures/sp_Adl_RefreshFromVatsim_Normalized.sql; adl/procedures/sp_Adl_RefreshFromVatsim_Staged.sql; adl/reference_data/sql_output/06_acd_data.sql; database/migrations/schema/005_acd_data_full_schema.sql,
adl_flights,dbo.adl_flights,5,0,adl/migrations/097_adl_fixm_time_columns.sql; api/tmi/gdp_purge.php; api/tmi/gs_purge_all.php; database/migrations/schema/001_adl_history_stored_procedure.sql; database/migrations/swim/001_swim_tables.sql,
adl_region_group,dbo.adl_region_group,5,0,adl/migrations/crossings/003_populate_priority_region.sql; adl/migrations/crossings/DEPLOY_ALL_CROSSINGS.sql; adl/migrations/crossings/FIX_COLUMN_NAMES.sql; adl/procedures/diagnostic_boundary_crossings.sql; adl/procedures/sp_DetectRegionalFlight.sql,
adl_tmi_trajectory,dbo.adl_tmi_trajectory,5,1,database/migrations/adl/014_archive_tmi_aware.sql; database/migrations/adl/015_tmi_trajectory_view.sql; database/migrations/adl/016_tmi_trajectory_purge.sql; database/migrations/adl/016_tmi_trajectory_view_v2.sql; scripts/archival_daemon.php,docs/plans/2026-02-02-tmi-trajectory.md
adl_trajectory_archive,dbo.adl_trajectory_archive,5,2,database/migrations/adl/014_archive_tmi_aware.sql; database/migrations/adl/015_tmi_trajectory_view.sql; database/migrations/adl/016_tmi_trajectory_view_v2.sql; database/migrations/archive/ADL_Archive_FULL_DEPLOYMENT.sql; scripts/archival_daemon.php,docs/plans/2026-02-02-adl-raw-data-lake-design.md; docs/plans/2026-02-02-tmi-trajectory.md
airlines,dbo.airlines,5,0,adl/migrations/core/006_airlines_table.sql; adl/migrations/navdata/006_simbrief_refresh_integration.sql; adl/migrations/stats/004_flight_stats_carrier_domestic.sql; adl/procedures/sp_Adl_RefreshFromVatsim_Normalized.sql; adl/procedures/sp_Adl_RefreshFromVatsim_Staged.sql,
airport_geometry_import_log,dbo.airport_geometry_import_log,5,0,adl/migrations/oooi/002_oooi_deploy.sql; adl/migrations/oooi/003_seed_airport_zones.sql; adl/php/import_osm_airport_geometry.php; adl/php/import_osm_web.php; adl/procedures/sp_ImportAirportGeometry.sql,
artcc_facilities,dbo.artcc_facilities,5,0,adl/migrations/topology/001_artcc_topology_schema.sql; adl/migrations/topology/002_artcc_topology_seed.sql; adl/migrations/topology/verify_tiers.sql; api/demand/airports.php; api/tiers.php,
artcc_tier_group_members,dbo.artcc_tier_group_members,5,0,adl/migrations/topology/001_artcc_topology_schema.sql; adl/migrations/topology/002_artcc_topology_seed.sql; adl/migrations/topology/verify_tiers.sql; api/demand/airports.php; api/tiers.php,
assigned,assigned,5,0,api/data/schedule.php; api/mgt/schedule/delete.php; api/mgt/schedule/delete_bu.php; api/mgt/schedule/post.php; api/mgt/schedule/update.php,
boundary_hierarchy,boundary_hierarchy,5,0,adl/migrations/boundaries/012_boundary_hierarchy.sql; adl/php/import_boundaries.php; api/adl/boundaries.php; api/adl/import_boundaries.php; scripts/postgis/015_boundary_hierarchy.sql,
ctp_audit_log,dbo.ctp_audit_log,5,1,api/ctp/audit_log.php; api/ctp/changelog.php; api/ctp/common.php; api/ctp/flights/get.php; lib/Changelog.php,docs/superpowers/specs/2026-03-12-ctp-e26-integration-design.md
facility_tier_config_members,dbo.facility_tier_config_members,5,0,adl/migrations/topology/001_artcc_topology_schema.sql; adl/migrations/topology/002_artcc_topology_seed.sql; adl/migrations/topology/verify_tiers.sql; api/demand/airports.php; api/tiers.php,
facility_tier_configs,dbo.facility_tier_configs,5,0,adl/migrations/topology/001_artcc_topology_schema.sql; adl/migrations/topology/002_artcc_topology_seed.sql; adl/migrations/topology/verify_tiers.sql; api/demand/airports.php; api/tiers.php,
flight_stats_airport,dbo.flight_stats_airport,5,0,adl/migrations/stats/001_flight_stats_schema.sql; adl/migrations/stats/002_flight_stats_procedures.sql; adl/migrations/stats/004_flight_stats_carrier_domestic.sql; adl/migrations/stats/004_flight_stats_trends.sql; api/stats/StatsHelper.php,
flight_stats_hourly,dbo.flight_stats_hourly,5,0,adl/migrations/stats/001_flight_stats_schema.sql; adl/migrations/stats/002_flight_stats_procedures.sql; adl/migrations/stats/004_flight_stats_carrier_domestic.sql; adl/migrations/stats/004_flight_stats_trends.sql; api/stats/StatsHelper.php,
gdp_log,dbo.gdp_log,5,0,api/nod/tmi_active.php; api/swim/v1/tmi/programs.php; api/tmi/gdp_apply.php; api/tmi/gdp_purge.php; api/tmi/gdp_purge_local.php,
ntml_info,dbo.ntml_info,5,1,adl/migrations/tmi/002_gs_procedures.sql; adl/migrations/tmi/006_gs_model_fir_support.sql; adl/migrations/tmi/007_gs_model_fir_exclusions.sql; adl/migrations/tmi/test_gs_workflow.sql; api/tmi/gs/activate.php,docs/GDT_Unified_Design_Document_v1.md
p_enroute_constraints,p_enroute_constraints,5,3,api/data/plans/enroute_constraints.php; api/mgt/enroute_constraints/delete.php; api/mgt/enroute_constraints/post.php; api/mgt/enroute_constraints/update.php; api/mgt/plan/get.php,docs/DEPLOYMENT_GUIDE.md; docs/plans/2026-02-15-vatcan-interop-design.md; docs/plans/2026-02-15-vatcan-interop-implementation.md
p_enroute_init,p_enroute_init,5,4,api/data/plans/enroute_inits.php; api/mgt/enroute_initializations/delete.php; api/mgt/enroute_initializations/post.php; api/mgt/enroute_initializations/update.php; api/mgt/plan/get.php,docs/DEPLOYMENT_GUIDE.md; docs/plans/2026-02-15-vatcan-interop-design.md; docs/plans/2026-02-15-vatcan-interop-implementation.md; wiki/Architecture.md
p_group_flights,p_group_flights,5,3,api/data/plans/group_flights.php; api/mgt/group_flights/delete.php; api/mgt/group_flights/post.php; api/mgt/group_flights/update.php; api/mgt/plan/get.php,docs/DEPLOYMENT_GUIDE.md; docs/plans/2026-02-15-vatcan-interop-design.md; docs/plans/2026-02-15-vatcan-interop-implementation.md
p_terminal_constraints,p_terminal_constraints,5,3,api/data/plans/term_constraints.php; api/mgt/plan/get.php; api/mgt/terminal_constraints/delete.php; api/mgt/terminal_constraints/post.php; api/mgt/terminal_constraints/update.php,docs/DEPLOYMENT_GUIDE.md; docs/plans/2026-02-15-vatcan-interop-design.md; docs/plans/2026-02-15-vatcan-interop-implementation.md
adl_archive_config,dbo.adl_archive_config,4,0,database/migrations/archive/ADL_Archive_FULL_DEPLOYMENT.sql; database/migrations/backfill/001_backfill_throttle_config.sql; scripts/backfill/ResourceMeter.php; scripts/backfill/hibernation_recovery.php,
adl_archive_log,dbo.adl_archive_log,4,1,adl/scripts/sp_ArchiveChangelog_Enhanced.sql; database/migrations/adl/014_archive_tmi_aware.sql; database/migrations/adl/016_tmi_trajectory_purge.sql; database/migrations/archive/ADL_Archive_FULL_DEPLOYMENT.sql,docs/plans/2026-02-02-tmi-trajectory.md
adl_flight_archive,dbo.adl_flight_archive,4,0,adl/migrations/oooi/009_arrival_detection_backfill.sql; api/analysis/escape_desert_archive.php; database/migrations/archive/ADL_Archive_FULL_DEPLOYMENT.sql; scripts/backfill/hibernation_recovery.php,
adl_flight_weather_impact,dbo.adl_flight_weather_impact,4,0,adl/migrations/weather/001_weather_alerts_schema.sql; adl/migrations/weather/002_weather_impact_detection.sql; adl/migrations/weather/004_fix_weather_polygon_orientation.sql; api/weather/impact.php,
adl_region_airports,dbo.adl_region_airports,4,0,adl/migrations/crossings/001_planned_crossings_schema.sql; adl/migrations/crossings/DEPLOY_ALL_CROSSINGS.sql; adl/migrations/crossings/FIX_COLUMN_NAMES.sql; adl/procedures/sp_DetectRegionalFlight.sql,
adl_slots_gdp,dbo.adl_slots_gdp,4,0,api/tmi/gdp_apply.php; api/tmi/gdp_purge.php; api/tmi/gdp_purge_local.php; api/tmi/gdp_simulate.php,
adl_staging_pilots,dbo.adl_staging_pilots,4,0,adl/procedures/sp_Adl_RefreshFromVatsim_Staged.sql; adl/sql/adl_staging_pilots.sql; adl/sql/adl_staging_tvp_types.sql; scripts/vatsim_adl_daemon.php,
adl_staging_prefiles,dbo.adl_staging_prefiles,4,0,adl/procedures/sp_Adl_RefreshFromVatsim_Staged.sql; adl/sql/adl_staging_pilots.sql; adl/sql/adl_staging_tvp_types.sql; scripts/vatsim_adl_daemon.php,
area_centers,dbo.area_centers,4,0,adl/migrations/core/005_adl_views_seed_data.sql; adl/migrations/ref/002_initial_data_load.sql; adl/reference_data/import_airways.php; adl/scripts/sync_ref_to_adl.sql,
artcc_tier_groups,dbo.artcc_tier_groups,4,0,adl/migrations/topology/001_artcc_topology_schema.sql; adl/migrations/topology/002_artcc_topology_seed.sql; adl/migrations/topology/verify_tiers.sql; api/tiers.php,
boundary_adjacency,boundary_adjacency,4,2,load/services/GISService.php; scripts/postgis/009_boundary_adjacency_network.sql; scripts/postgis/010_proximity_tiers.sql; scripts/postgis/012_artcc_tier_matrix.sql,wiki/Database-Schema.md; wiki/Navigation-Helper.md
cdm_airport_status,dbo.cdm_airport_status,4,0,api/data/cdm/status.php; api/swim/v1/cdm/airport-status.php; database/migrations/tmi/040_cdm_core_schema.sql; load/services/CDMService.php,
cdm_compliance_live,dbo.cdm_compliance_live,4,0,api/data/cdm/status.php; api/swim/v1/cdm/compliance.php; database/migrations/tmi/040_cdm_core_schema.sql; load/services/CDMService.php,
cdm_messages,dbo.cdm_messages,4,0,api/data/cdm/status.php; database/migrations/tmi/040_cdm_core_schema.sql; load/services/CDMService.php; load/services/EDCTDelivery.php,
dcc_advisories,dbo.dcc_advisories,4,0,api/nod/advisories.php; api/nod/advisory_import.php; api/nod/discord-post.php; database/migrations/advisories/001_dcc_advisories.sql,
facility_flow_elements,dbo.facility_flow_elements,4,0,api/nod/fea.php; api/nod/flows/configs.php; api/nod/flows/elements.php; api/nod/flows/gates.php,
flight_stats_artcc,dbo.flight_stats_artcc,4,0,adl/migrations/stats/002_flight_stats_procedures.sql; adl/migrations/stats/004_flight_stats_carrier_domestic.sql; adl/migrations/stats/004_flight_stats_trends.sql; api/stats/StatsHelper.php,
flight_stats_citypair,dbo.flight_stats_citypair,4,0,adl/migrations/stats/002_flight_stats_procedures.sql; adl/migrations/stats/004_flight_stats_carrier_domestic.sql; adl/migrations/stats/004_flight_stats_trends.sql; api/stats/StatsHelper.php,
flight_stats_daily,dbo.flight_stats_daily,4,0,adl/migrations/stats/002_flight_stats_procedures.sql; adl/migrations/stats/004_flight_stats_carrier_domestic.sql; adl/migrations/stats/004_flight_stats_trends.sql; api/stats/StatsHelper.php,
flight_stats_run_log,dbo.flight_stats_run_log,4,0,adl/migrations/stats/002_flight_stats_procedures.sql; adl/migrations/stats/003_flight_stats_agent_jobs.sql; adl/migrations/stats/004_flight_stats_carrier_domestic.sql; adl/migrations/stats/004_flight_stats_trends.sql,
flight_stats_tmi,dbo.flight_stats_tmi,4,0,adl/migrations/stats/002_flight_stats_procedures.sql; adl/migrations/stats/004_flight_stats_carrier_domestic.sql; adl/migrations/stats/004_flight_stats_trends.sql; api/stats/StatsHelper.php,
manual_rate_override,dbo.manual_rate_override,4,0,adl/migrations/091_manual_rate_overrides.sql; adl/migrations/095_atis_type_priority.sql; api/demand/override.php; scripts/cdm_daemon.php,
modifier_category,dbo.modifier_category,4,0,adl/migrations/092_config_modifiers_schema.sql; adl/migrations/093_config_modifiers_data_migration.sql; adl/migrations/093b_normalize_remaining_runway_ids.sql; api/data/configs.php,
modifier_type,dbo.modifier_type,4,0,adl/migrations/092_config_modifiers_schema.sql; adl/migrations/093_config_modifiers_data_migration.sql; adl/migrations/093b_normalize_remaining_runway_ids.sql; api/data/configs.php,
p_enroute_init_timeline,p_enroute_init_timeline,4,5,api/data/plans/enroute_inits_timeline.php; api/data/review/tmr_ops_plan.php; api/jatoc/space_ops.php; api/mgt/plan/get.php,docs/DEPLOYMENT_GUIDE.md; docs/mysql-8-upgrade-analysis.md; docs/plans/2026-02-15-vatcan-interop-design.md; docs/plans/2026-02-15-vatcan-interop-implementation.md; wiki/Navigation-Helper.md
p_enroute_planning,p_enroute_planning,4,3,api/data/plans/enroute_planning.php; api/mgt/enroute_planning/delete.php; api/mgt/enroute_planning/post.php; api/mgt/enroute_planning/update.php,docs/DEPLOYMENT_GUIDE.md; docs/plans/2026-02-15-vatcan-interop-design.md; docs/plans/2026-02-15-vatcan-interop-implementation.md
p_forecast,p_forecast,4,4,api/data/plans/forecast.php; api/mgt/forecast/delete.php; api/mgt/forecast/post.php; api/mgt/forecast/update.php,docs/DEPLOYMENT_GUIDE.md; docs/plans/2026-02-15-vatcan-interop-design.md; docs/plans/2026-02-15-vatcan-interop-implementation.md; wiki/Navigation-Helper.md
p_historical,p_historical,4,3,api/data/plans/historical.php; api/mgt/historical/delete.php; api/mgt/historical/post.php; api/mgt/historical/update.php,docs/DEPLOYMENT_GUIDE.md; docs/plans/2026-02-15-vatcan-interop-design.md; docs/plans/2026-02-15-vatcan-interop-implementation.md
p_terminal_planning,p_terminal_planning,4,3,api/data/plans/term_planning.php; api/mgt/terminal_planning/delete.php; api/mgt/terminal_planning/post.php; api/mgt/terminal_planning/update.php,docs/DEPLOYMENT_GUIDE.md; docs/plans/2026-02-15-vatcan-interop-design.md; docs/plans/2026-02-15-vatcan-interop-implementation.md
r_comments,r_comments,4,5,api/data/review/comments.php; api/mgt/comments/delete.php; api/mgt/comments/post.php; api/mgt/comments/update.php,docs/DEPLOYMENT_GUIDE.md; docs/plans/2026-02-15-vatcan-interop-design.md; docs/plans/2026-02-15-vatcan-interop-implementation.md; wiki/Architecture.md; wiki/Navigation-Helper.md
r_data,r_data,4,5,api/data/review/data.php; api/mgt/event_data/delete.php; api/mgt/event_data/post.php; api/mgt/event_data/update.php,docs/DEPLOYMENT_GUIDE.md; docs/plans/2026-02-15-vatcan-interop-design.md; docs/plans/2026-02-15-vatcan-interop-implementation.md; wiki/Architecture.md; wiki/Navigation-Helper.md
r_scores,r_scores,4,5,api/data/review/scores.php; api/mgt/scores/delete.php; api/mgt/scores/post.php; api/mgt/scores/update.php,docs/DEPLOYMENT_GUIDE.md; docs/plans/2026-02-15-vatcan-interop-design.md; docs/plans/2026-02-15-vatcan-interop-implementation.md; wiki/Architecture.md; wiki/Navigation-Helper.md
splits_positions,splits_positions,4,5,api/splits/active.php; api/splits/configs.php; api/splits/debug.php; api/splits/scheduled.php,docs/fmds-comparison.md; wiki/Architecture.md; wiki/Data-Flow.md; wiki/FMDS-Comparison.md; wiki/Splits.md
tmi_flight_list,dbo.tmi_flight_list,4,1,api/gdt/programs/cancel.php; api/gdt/programs/flight_list.php; api/gdt/programs/publish.php; api/gdt/programs/purge.php,docs/gdt-tmi-workflow-plan.md
tmi_flow_measures,dbo.tmi_flow_measures,4,0,api/swim/v1/tmi/flow/measures.php; api/swim/v1/tmi/measures.php; scripts/ecfmp_poll_daemon.php; sql/migrations/20260117_add_flow_tables.sql,
tmi_program_coordination_log,dbo.tmi_program_coordination_log,4,1,api/gdt/programs/cancel.php; api/gdt/programs/publish.php; api/gdt/programs/submit_proposal.php; api/mgt/tmi/coordinate.php,docs/gdt-tmi-workflow-plan.md
vw_cdm_current_readiness,dbo.vw_cdm_current_readiness,4,0,api/data/cdm/status.php; database/migrations/tmi/040_cdm_core_schema.sql; load/services/CDMService.php; scripts/cdm_daemon.php,
adl_airspace_element,dbo.adl_airspace_element,3,0,adl/migrations/crossings/004_forecast_views.sql; adl/migrations/crossings/DEPLOY_ALL_CROSSINGS.sql; adl/migrations/crossings/FIX_COLUMN_NAMES.sql,
adl_changelog_change_types,dbo.adl_changelog_change_types,3,0,adl/migrations/changelog/000_deploy_changelog_system.sql; adl/migrations/changelog/001_changelog_schema_upgrade.sql; adl/migrations/changelog/006_utility_procedures.sql,
adl_flight_stepclimbs,dbo.adl_flight_stepclimbs,3,1,adl/migrations/navdata/002_simbrief_parsing.sql; adl/procedures/sp_CalculateETABatch.sql; adl/procedures/sp_ParseSimBriefData.sql,docs/simbrief_parsing_transition.md
airport_config_rate_history,dbo.airport_config_rate_history,3,0,adl/migrations/082_rate_history_schema.sql; api/data/rate_history.php; api/mgt/config_data/update.php,
airport_taxi_reference,dbo.airport_taxi_reference,3,0,adl/migrations/oooi/010_airport_taxi_reference.sql; api/swim/v1/reference/taxi-times.php; load/services/CDMService.php,
artcc_tier_types,dbo.artcc_tier_types,3,0,adl/migrations/topology/001_artcc_topology_schema.sql; adl/migrations/topology/002_artcc_topology_seed.sql; api/tiers.php,
ctp_route_templates,dbo.ctp_route_templates,3,0,api/ctp/routes/suggest.php; api/ctp/routes/templates.php; api/data/playbook/nat_tracks.php,
division_events,dbo.division_events,3,0,database/migrations/adl/001_create_division_events.sql; database/migrations/adl/002_create_perti_events.sql; scripts/sync_division_events.php,
fir_boundaries,dbo.fir_boundaries,3,0,adl/migrations/eta/007_eta_trajectory_seed_data.sql; adl/migrations/eta/008_eta_trajectory_deploy.sql; adl/migrations/eta/009_deploy_eta_trajectory_system.sql,
flight_stats_aircraft,dbo.flight_stats_aircraft,3,0,adl/migrations/stats/002_flight_stats_procedures.sql; adl/migrations/stats/004_flight_stats_carrier_domestic.sql; adl/migrations/stats/004_flight_stats_trends.sql,
flight_stats_monthly_airport,dbo.flight_stats_monthly_airport,3,0,adl/migrations/stats/002_flight_stats_procedures.sql; adl/migrations/stats/004_flight_stats_carrier_domestic.sql; adl/migrations/stats/004_flight_stats_trends.sql,
flight_stats_monthly_summary,dbo.flight_stats_monthly_summary,3,0,adl/migrations/stats/002_flight_stats_procedures.sql; adl/migrations/stats/004_flight_stats_carrier_domestic.sql; adl/migrations/stats/004_flight_stats_trends.sql,
historical_network_stats,dbo.historical_network_stats; historical_network_stats,3,1,api/stats/generate_cache.php; api/stats/network_analysis.php; database/migrations/vatsim_stats/002_migrate_historical_data.sql,docs/VATSIM_STATS_DATABASE.md
nav_procedure_legs,dbo.nav_procedure_legs,3,1,adl/migrations/cifp/001_cifp_procedure_legs.sql; adl/migrations/cifp/002_cifp_import_procedure.sql; api/nod/flows/elements.php,docs/plans/2026-02-16-holding-detection.md
oceanic_fir_bounds,dbo.oceanic_fir_bounds,3,0,adl/migrations/core/005_adl_views_seed_data.sql; adl/migrations/ref/002_initial_data_load.sql; adl/scripts/sync_ref_to_adl.sql,
org_facilities,org_facilities,3,3,database/migrations/org/001_create_organizations.sql; database/migrations/org/008_fix_canoc_facilities_add_ecfmp.sql; load/org_context.php,docs/DEPLOYMENT_GUIDE.md; docs/plans/2026-02-15-vatcan-interop-design.md; docs/plans/2026-02-15-vatcan-interop-implementation.md
p_terminal_init_timeline,p_terminal_init_timeline,3,5,api/data/plans/term_inits_timeline.php; api/data/review/tmr_ops_plan.php; api/mgt/plan/get.php,docs/DEPLOYMENT_GUIDE.md; docs/mysql-8-upgrade-analysis.md; docs/plans/2026-02-15-vatcan-interop-design.md; docs/plans/2026-02-15-vatcan-interop-implementation.md; wiki/Navigation-Helper.md
playbook_play_acl,playbook_play_acl,3,0,api/data/playbook/acl.php; api/mgt/playbook/acl.php; load/playbook_visibility.php,
playbook_route_groups,playbook_route_groups,3,0,api/data/playbook/groups.php; api/mgt/playbook/groups.php; scripts/playbook/export_playbook.php,
ref_sync_log,dbo.ref_sync_log,3,1,adl/migrations/ref/002_initial_data_load.sql; adl/reference_data/sync_ref_to_adl.php; adl/scripts/sync_ref_to_adl.sql,wiki/AIRAC-Update.md
splits_areas,splits_areas,3,2,api/splits/areas.php; api/splits/debug.php; api/splits/test.php,wiki/Database-Schema.md; wiki/Splits.md
swim_controllers,dbo.swim_controllers,3,0,api/swim/v1/controllers.php; database/migrations/swim/024_swim_controllers.sql; scripts/vnas_controller_poll.php,
swim_playbook_plays,dbo.swim_playbook_plays,3,0,api/swim/v1/playbook/plays.php; database/migrations/swim/025_swim_refdata_tables.sql; scripts/swim_refdata_sync.php,
swim_playbook_routes,dbo.swim_playbook_routes,3,0,api/swim/v1/playbook/plays.php; database/migrations/swim/025_swim_refdata_tables.sql; scripts/swim_refdata_sync.php,
tmi_advisory_sequences,dbo.tmi_advisory_sequences,3,2,api/tmi/AdvisoryNumber.php; database/migrations/tmi/001_tmi_core_schema_azure_sql.sql; database/migrations/tmi/cleanup_test_data.sql,docs/COMPUTATIONAL_REFERENCE.md; docs/tmi/DATABASE.md
tmi_flow_event_participants,dbo.tmi_flow_event_participants,3,0,api/ctp/flights/detect.php; api/swim/v1/tmi/flow/events.php; api/swim/v1/tmi/flow/index.php,
tmi_proposal_reactions,dbo.tmi_proposal_reactions,3,0,api/mgt/tmi/coordinate.php; cron/process_tmi_proposals.php; database/migrations/tmi/cleanup_test_data.sql,
tmi_reroute_compliance_log,dbo.tmi_reroute_compliance_log; tmi_reroute_compliance_log,3,10,api/mgt/tmi/reroutes/bulk.php; api/swim/v1/tmi/reroutes.php; database/migrations/tmi/cleanup_test_data.sql,docs/QUICK_REFERENCE.md; docs/STATUS.md; docs/fmds-comparison.md; docs/tmi/ARCHITECTURE.md; docs/tmi/COST_ANALYSIS.md; docs/tmi/DATABASE.md; docs/tmi/README.md; wiki/Database-Schema.md; wiki/FMDS-Comparison.md; wiki/Navigation-Helper.md
adl_changelog_batch,dbo.adl_changelog_batch,2,0,adl/migrations/changelog/000_deploy_changelog_system.sql; adl/migrations/changelog/006_utility_procedures.sql,
adl_region_group_members,dbo.adl_region_group_members,2,0,adl/migrations/crossings/003_populate_priority_region.sql; adl/migrations/crossings/DEPLOY_ALL_CROSSINGS.sql,
adl_run_log,dbo.adl_run_log,2,3,api/adl/diagnostic.php; database/migrations/archive/ADL_Archive_FULL_DEPLOYMENT.sql,wiki/Algorithm-Data-Refresh.md; wiki/Algorithm-ETA-Calculation.md; wiki/Algorithm-Zone-Detection.md
adl_trajectory_compressed,dbo.adl_trajectory_compressed,2,0,api/analysis/escape_desert_archive.php; scripts/archival_daemon.php,
airport_grouping,dbo.airport_grouping,2,0,adl/migrations/stats/006_airport_groupings.sql; adl/migrations/stats/008_apts_military_columns.sql,
airport_grouping_member,dbo.airport_grouping_member,2,0,adl/migrations/stats/006_airport_groupings.sql; adl/migrations/stats/008_apts_military_columns.sql,
airport_taxi_reference_detail,dbo.airport_taxi_reference_detail,2,0,adl/migrations/oooi/010_airport_taxi_reference.sql; api/swim/v1/reference/taxi-times.php,
cdm_pilot_readiness,dbo.cdm_pilot_readiness,2,0,database/migrations/tmi/040_cdm_core_schema.sql; load/services/CDMService.php,
cdm_trigger_log,dbo.cdm_trigger_log,2,0,database/migrations/tmi/040_cdm_core_schema.sql; scripts/cdm_daemon.php,
dcc_discord_tmi,dbo.dcc_discord_tmi,2,0,api/nod/discord.php; load/discord/DiscordWebhookHandler.php,
demand_monitors,dbo.demand_monitors,2,0,api/adl/demand/monitors.php; api/nod/fea.php,
detected_runway_config,dbo.detected_runway_config,2,0,adl/migrations/090_detected_runway_config.sql; adl/migrations/095_atis_type_priority.sql,
discord_sent_messages,dbo.discord_sent_messages,2,0,api/discord/announcements.php; api/discord/messages.php,
facility_flow_configs,dbo.facility_flow_configs,2,0,api/nod/fea.php; api/nod/flows/configs.php,
facility_flow_gates,dbo.facility_flow_gates,2,0,api/nod/flows/configs.php; api/nod/flows/gates.php,
fact_network_5min,fact_network_5min,2,2,api/stats/load_network_stats.php; database/migrations/vatsim_stats/001_complete_schema.sql,docs/POWERBI_DATAFLOW_UPDATE.md; docs/VATSIM_STATS_DATABASE.md
flight_stats_retention_tiers,dbo.flight_stats_retention_tiers,2,0,adl/migrations/stats/001_flight_stats_schema.sql; adl/migrations/stats/004_flight_stats_trends.sql,
fn_AirwaySegmentDemandBucketed,dbo.fn_AirwaySegmentDemandBucketed,2,1,adl/migrations/demand/debug_waypoints.sql; api/adl/demand/batch.php,docs/COMPUTATIONAL_REFERENCE.md
fn_ParseRouteStepClimbs,dbo.fn_ParseRouteStepClimbs,2,0,adl/migrations/navdata/002_simbrief_parsing.sql; adl/procedures/sp_ParseSimBriefData.sql,
hibernation_hits,hibernation_hits,2,1,api/data/hibernation_stats.php; load/hibernation.php,docs/HIBERNATION_RUNBOOK.md
jatoc_incidents,dbo.jatoc_incidents,2,0,api/nod/jatoc.php; database/migrations/jatoc/004_rename_incident_columns.sql,
jatoc_ops_level,dbo.jatoc_ops_level,2,0,api/nod/jatoc.php; database/migrations/jatoc/001_jatoc_tables.sql,
jatoc_reports,dbo.jatoc_reports,2,0,database/migrations/jatoc/004_rename_incident_columns.sql; database/migrations/jatoc/006_fix_reports_incident_type.sql,
jatoc_sequences,dbo.jatoc_sequences,2,0,database/migrations/jatoc/001_jatoc_tables.sql; database/migrations/jatoc/002_add_incident_numbers.sql,
major_tracon,dbo.major_tracon,2,0,adl/migrations/stats/006_airport_groupings.sql; adl/migrations/stats/008_apts_military_columns.sql,
nav_playbook,dbo.nav_playbook,2,0,api/simulator/routes.php; api/simulator/traffic.php,
r_tmr_reports,r_tmr_reports,2,4,api/data/review/tmr_export.php; api/data/review/tmr_report.php,docs/QUICK_REFERENCE.md; wiki/Architecture.md; wiki/Changelog.md; wiki/Database-Schema.md
ref_artcc_adjacency,dbo.ref_artcc_adjacency,2,1,database/migrations/adl/011_artcc_tier_lookup.sql; database/migrations/adl/013_compute_tmi_tier.sql,docs/plans/2026-02-02-tmi-trajectory.md
ref_major_airports,dbo.ref_major_airports,2,2,adl/migrations/087_atis_tiered_cleanup.sql; adl/migrations/088_airport_groupings_aspm82_opsnet45.sql,docs/plans/2026-02-08-airport-groupings-design.md; docs/plans/2026-02-08-airport-groupings-implementation.md
stats_network_daily,dbo.stats_network_daily; stats_network_daily,2,1,database/migrations/vatsim_stats/001_complete_schema.sql; database/migrations/vatsim_stats/002_migrate_historical_data.sql,docs/VATSIM_STATS_DATABASE.md
swim_acars_messages,dbo.swim_acars_messages,2,0,api/swim/v1/ingest/acars.php; database/migrations/swim/020_swim_acars_messages.sql,
swim_acars_pdc_queue,dbo.swim_acars_pdc_queue,2,0,api/swim/v1/ingest/acars.php; database/migrations/swim/020_swim_acars_messages.sql,
swim_acars_sources,dbo.swim_acars_sources,2,0,api/swim/v1/ingest/acars.php; database/migrations/swim/020_swim_acars_messages.sql,
swim_coded_departure_routes,dbo.swim_coded_departure_routes,2,0,database/migrations/swim/025_swim_refdata_tables.sql; scripts/swim_refdata_sync.php,
swim_controller_log,dbo.swim_controller_log,2,0,database/migrations/swim/024_swim_controllers.sql; scripts/vnas_controller_poll.php,
swim_flight_cache,dbo.swim_flight_cache,2,0,database/migrations/swim/001_swim_tables.sql; scripts/swim_cleanup.php,
tmi_airport_configs,dbo.tmi_airport_configs; tmi_airport_configs,2,8,database/migrations/tmi/034_create_delay_tracking.sql; scripts/tmi/import_historical.php,docs/QUICK_REFERENCE.md; docs/STATUS.md; docs/plans/2026-02-15-vatcan-interop-design.md; docs/plans/2026-02-15-vatcan-interop-implementation.md; docs/tmi/ARCHITECTURE.md; docs/tmi/README.md; wiki/Database-Schema.md; wiki/TMI-Historical-Import-Statistics.md
tmi_coordination_log,dbo.tmi_coordination_log,2,0,api/mgt/tmi/coordinate.php; load/coordination_log.php,
tmi_delay_entries,dbo.tmi_delay_entries; tmi_delay_entries,2,9,database/migrations/tmi/034_create_delay_tracking.sql; scripts/tmi/import_historical.php,docs/QUICK_REFERENCE.md; docs/STATUS.md; docs/plans/2026-02-09-nod-tmi-facility-flows-design.md; docs/plans/2026-02-15-vatcan-interop-design.md; docs/plans/2026-02-15-vatcan-interop-implementation.md; docs/tmi/ARCHITECTURE.md; docs/tmi/README.md; wiki/Database-Schema.md; wiki/TMI-Historical-Import-Statistics.md
tmi_reroute_drafts,dbo.tmi_reroute_drafts,2,0,api/mgt/tmi/reroute-drafts.php; database/migrations/tmi/025_reroute_drafts.sql,
traffic_baselines,dbo.traffic_baselines; traffic_baselines,2,1,database/migrations/vatsim_stats/001_complete_schema.sql; database/migrations/vatsim_stats/002_migrate_historical_data.sql,docs/VATSIM_STATS_DATABASE.md
vw_cdm_at_risk_flights,dbo.vw_cdm_at_risk_flights,2,0,api/data/cdm/status.php; api/swim/v1/cdm/compliance.php,
vw_current_airport_config,dbo.vw_current_airport_config,2,0,adl/migrations/095_atis_type_priority.sql; api/demand/atis.php,
vw_current_detected_config,dbo.vw_current_detected_config,2,0,adl/migrations/090_detected_runway_config.sql; adl/migrations/091_manual_rate_overrides.sql,
vw_effective_atis,dbo.vw_effective_atis,2,0,adl/migrations/095_atis_type_priority.sql; api/demand/atis.php,
vw_GDT_DemandByHour,dbo.vw_GDT_DemandByHour,2,0,adl/migrations/tmi/test_gs_workflow.sql; api/tmi/gs/demand.php,
vw_tmi_active_advisories,dbo.vw_tmi_active_advisories,2,0,api/swim/v1/tmi/index.php; api/tmi/active.php,
vw_tmi_active_entries,dbo.vw_tmi_active_entries,2,0,api/swim/v1/tmi/index.php; api/tmi/active.php,
vw_tmi_active_flow_events,dbo.vw_tmi_active_flow_events,2,0,api/swim/v1/tmi/flow/index.php; api/swim/v1/tmi/index.php,
vw_tmi_active_flow_measures,dbo.vw_tmi_active_flow_measures,2,0,api/swim/v1/tmi/flow/index.php; api/swim/v1/tmi/index.php,
vw_tmi_active_programs,dbo.vw_tmi_active_programs,2,0,api/swim/v1/tmi/index.php; api/tmi/active.php,
vw_tmi_active_public_routes,dbo.vw_tmi_active_public_routes,2,0,api/swim/v1/tmi/index.php; api/tmi/active.php,
vw_tmi_active_reroutes,dbo.vw_tmi_active_reroutes,2,0,api/swim/v1/tmi/index.php; api/tmi/active.php,
weather_import_log,dbo.weather_import_log,2,0,adl/migrations/weather/001_weather_alerts_schema.sql; adl/migrations/weather/004_fix_weather_polygon_orientation.sql,
wx_wind_grid,dbo.wx_wind_grid,2,0,adl/migrations/navdata/009_wind_data_infrastructure.sql; adl/php/import_wind_data.php,
adl_boundary_import_log,adl_boundary_import_log,1,0,api/adl/import_boundaries.php,
aircraft_performance_apf,dbo.aircraft_performance_apf,1,0,adl/migrations/performance/002_bada_import_infrastructure.sql,
aircraft_performance_opf,dbo.aircraft_performance_opf,1,0,adl/migrations/performance/002_bada_import_infrastructure.sql,
aircraft_performance_ptf,dbo.aircraft_performance_ptf,1,0,adl/migrations/performance/002_bada_import_infrastructure.sql,
airport_connect_reference,dbo.airport_connect_reference,1,0,adl/migrations/oooi/011_airport_connect_reference.sql,
airport_connect_reference_detail,dbo.airport_connect_reference_detail,1,0,adl/migrations/oooi/011_airport_connect_reference.sql,
analog_similarity_matrix,analog_similarity_matrix,1,1,database/migrations/vatsim_stats/001_complete_schema.sql,docs/VATSIM_STATS_DATABASE.md
artcc_adjacencies,dbo.artcc_adjacencies,1,0,adl/migrations/topology/002_artcc_topology_seed.sql,
artcc_tier_matrix,artcc_tier_matrix,1,0,scripts/postgis/012_artcc_tier_matrix.sql,
bada_import_log,dbo.bada_import_log,1,0,adl/migrations/performance/002_bada_import_infrastructure.sql,
bada_import_staging,dbo.bada_import_staging,1,0,adl/migrations/performance/002_bada_import_infrastructure.sql,
cdm_triggers,dbo.cdm_triggers,1,0,scripts/cdm_daemon.php,
cifp_legs_staging,dbo.cifp_legs_staging,1,0,adl/migrations/cifp/002_cifp_import_procedure.sql,
cifp_procedures_staging,dbo.cifp_procedures_staging,1,0,adl/migrations/cifp/002_cifp_import_procedure.sql,
context_events,context_events,1,0,database/migrations/vatsim_stats/001_complete_schema.sql,
daily_feature_vectors,daily_feature_vectors,1,1,database/migrations/vatsim_stats/001_complete_schema.sql,docs/VATSIM_STATS_DATABASE.md
daily_pattern_assignments,daily_pattern_assignments,1,1,database/migrations/vatsim_stats/001_complete_schema.sql,docs/VATSIM_STATS_DATABASE.md
dcc_advisory_sequences,dbo.dcc_advisory_sequences,1,0,database/migrations/advisories/001_dcc_advisories.sql,
discord_channels,dbo.discord_channels,1,0,api/discord/channels.php,
discord_messages,dbo.discord_messages,1,0,load/discord/DiscordWebhookHandler.php,
discord_reactions,dbo.discord_reactions,1,0,load/discord/DiscordWebhookHandler.php,
discord_webhook_log,dbo.discord_webhook_log,1,0,load/discord/DiscordWebhookHandler.php,
event_position_log,dbo.event_position_log,1,0,database/migrations/adl/004_create_event_position_log.sql,
fact_facility_5min,fact_facility_5min,1,1,database/migrations/vatsim_stats/001_complete_schema.sql,docs/VATSIM_STATS_DATABASE.md
fir_pattern_exclusions,dbo.fir_pattern_exclusions,1,0,adl/migrations/tmi/007_gs_model_fir_exclusions.sql,
fir_reference,dbo.fir_reference,1,0,adl/migrations/tmi/005_add_fir_support.sql,
flight_stats_carrier,dbo.flight_stats_carrier,1,0,adl/migrations/stats/004_flight_stats_carrier_domestic.sql,
flight_stats_hourly_patterns,dbo.flight_stats_hourly_patterns,1,0,adl/migrations/stats/004_flight_stats_trends.sql,
flight_stats_weekly,dbo.flight_stats_weekly,1,0,adl/migrations/stats/004_flight_stats_trends.sql,
fn_AirwayDemandBucketed,dbo.fn_AirwayDemandBucketed,1,1,api/adl/demand/batch.php,docs/COMPUTATIONAL_REFERENCE.md
fn_AirwaySegmentDemand,dbo.fn_AirwaySegmentDemand,1,0,api/adl/demand/airway.php,
fn_BatchDemandBucketed,dbo.fn_BatchDemandBucketed,1,1,api/adl/demand/batch.php,docs/COMPUTATIONAL_REFERENCE.md
fn_CalculateRouteDistanceRemaining,dbo.fn_CalculateRouteDistanceRemaining,1,0,adl/procedures/fn_CalculateRouteDistanceRemaining.sql,
fn_DetectCurrentZoneWithDetails,dbo.fn_DetectCurrentZoneWithDetails,1,0,adl/procedures/sp_DetectZoneTransition.sql,
fn_ExpandAirwayNames,dbo.fn_ExpandAirwayNames,1,0,adl/procedures/sp_ParseRoute.sql,
fn_FixDemand,dbo.fn_FixDemand,1,1,api/adl/demand/fix.php,docs/COMPUTATIONAL_REFERENCE.md
fn_GetActiveEventIds,dbo.fn_GetActiveEventIds,1,0,scripts/vatsim_adl_daemon.php,
fn_ParseCoordinate,dbo.fn_ParseCoordinate,1,0,adl/procedures/sp_ParseRoute.sql,
fn_ParseICAORemarks,dbo.fn_ParseICAORemarks,1,0,adl/procedures/sp_ParseSimBriefData.sql,
fn_ResolveFBD,dbo.fn_ResolveFBD,1,0,adl/procedures/sp_ParseRoute.sql,
fn_RouteSegmentDemand,dbo.fn_RouteSegmentDemand,1,1,api/adl/demand/segment.php,docs/COMPUTATIONAL_REFERENCE.md
fn_ViaDemandBucketed,dbo.fn_ViaDemandBucketed,1,1,api/adl/demand/batch.php,docs/COMPUTATIONAL_REFERENCE.md
gov,aviationweather.gov,1,3,adl/php/import_weather_alerts.php,docs/fmds-comparison.md; wiki/Configuration.md; wiki/FMDS-Comparison.md
jatoc_incident_updates,dbo.jatoc_incident_updates,1,0,api/nod/jatoc.php,
jatoc_personnel,dbo.jatoc_personnel,1,0,database/migrations/jatoc/001_jatoc_tables.sql,
jatoc_user_roles,dbo.jatoc_user_roles,1,0,api/jatoc/auth.php,
military_ownership_codes,dbo.military_ownership_codes,1,0,adl/migrations/stats/008_apts_military_columns.sql,
military_service_codes,dbo.military_service_codes,1,0,adl/migrations/stats/008_apts_military_columns.sql,
net,Statsim.net,1,0,adl/migrations/stats/005_vatusa_event_stats.sql,
nod_advisories,dbo.nod_advisories,1,0,database/migrations/advisories/002_nod_advisories.sql,
nod_advisory_sequences,dbo.nod_advisory_sequences,1,0,database/migrations/advisories/002_nod_advisories.sql,
org_roles,org_roles,1,0,database/migrations/org/011_org_roles.sql,
parent_artcc,NEW.parent_artcc,1,0,database/migrations/postgis/003_airports_table.sql,
parent_tracon,NEW.parent_tracon,1,0,database/migrations/postgis/003_airports_table.sql,
pattern_archetypes,pattern_archetypes,1,1,database/migrations/vatsim_stats/001_complete_schema.sql,docs/VATSIM_STATS_DATABASE.md
pattern_clusters,pattern_clusters,1,1,database/migrations/vatsim_stats/001_complete_schema.sql,docs/VATSIM_STATS_DATABASE.md
playbook_route_throughput,playbook_route_throughput,1,1,api/swim/v1/playbook/throughput.php,docs/superpowers/specs/2026-03-12-ctp-e26-integration-design.md
r_airport_totals,dbo.r_airport_totals,1,0,api/statsim/save_rates.php,
r_hourly_rates,dbo.r_hourly_rates,1,0,api/statsim/save_rates.php,
Running_VATSIM_Data_2,dbo.Running_VATSIM_Data_2,1,1,database/migrations/vatsim_stats/002_migrate_historical_data.sql,docs/POWERBI_DATAFLOW_UPDATE.md
runway_heading_ref,dbo.runway_heading_ref,1,0,adl/migrations/090_detected_runway_config.sql,
scheduler_state,dbo.scheduler_state,1,0,database/migrations/schema/009_scheduler_state.sql,
sim_ref_airport_demand,dbo.sim_ref_airport_demand,1,0,api/simulator/traffic.php,
sim_ref_carrier_lookup,dbo.sim_ref_carrier_lookup,1,0,api/simulator/traffic.php,
sim_ref_route_patterns,dbo.sim_ref_route_patterns,1,0,api/simulator/traffic.php,
splits_preset_positions,dbo.splits_preset_positions,1,0,api/splits/presets.php,
splits_presets,dbo.splits_presets,1,0,api/splits/presets.php,
spt_values,dbo.spt_values,1,0,adl/migrations/boundaries/009_boundary_grid_lookup.sql,
stats_job_config,stats_job_config,1,0,database/migrations/vatsim_stats/001_complete_schema.sql,
stats_job_run_log,stats_job_run_log,1,0,database/migrations/vatsim_stats/001_complete_schema.sql,
stats_network_hourly,stats_network_hourly,1,1,database/migrations/vatsim_stats/001_complete_schema.sql,docs/VATSIM_STATS_DATABASE.md
stats_network_monthly,dbo.stats_network_monthly; stats_network_monthly,1,1,database/migrations/vatsim_stats/002_migrate_historical_data.sql,docs/VATSIM_STATS_DATABASE.md
stats_network_yearly,dbo.stats_network_yearly; stats_network_yearly,1,1,database/migrations/vatsim_stats/002_migrate_historical_data.sql,docs/VATSIM_STATS_DATABASE.md
stats_retention_config,stats_retention_config,1,0,database/migrations/vatsim_stats/001_complete_schema.sql,
swim_cdm_compliance_live,dbo.swim_cdm_compliance_live,1,0,database/migrations/swim/026_swim_data_isolation.sql,
swim_cdm_messages,dbo.swim_cdm_messages,1,0,database/migrations/swim/026_swim_data_isolation.sql,
swim_cdm_pilot_readiness,dbo.swim_cdm_pilot_readiness,1,0,database/migrations/swim/026_swim_data_isolation.sql,
swim_handoff_log,dbo.swim_handoff_log,1,0,api/swim/v1/ingest/vnas/handoff.php,
swim_ntml,dbo.swim_ntml,1,0,database/migrations/swim/026_swim_data_isolation.sql,
swim_subscriptions,dbo.swim_subscriptions,1,1,scripts/swim_cleanup.php,docs/swim/VATSWIM_API_Documentation.md
swim_sync_watermarks,dbo.swim_sync_watermarks,1,0,database/migrations/swim/026_swim_data_isolation.sql,
swim_tmi_advisories,dbo.swim_tmi_advisories,1,0,database/migrations/swim/026_swim_data_isolation.sql,
swim_tmi_entries,dbo.swim_tmi_entries,1,0,database/migrations/swim/026_swim_data_isolation.sql,
swim_tmi_flow_events,dbo.swim_tmi_flow_events,1,0,database/migrations/swim/026_swim_data_isolation.sql,
swim_tmi_flow_measures,dbo.swim_tmi_flow_measures,1,0,database/migrations/swim/026_swim_data_isolation.sql,
swim_tmi_flow_providers,dbo.swim_tmi_flow_providers,1,0,database/migrations/swim/026_swim_data_isolation.sql,
swim_tmi_public_routes,dbo.swim_tmi_public_routes,1,0,database/migrations/swim/026_swim_data_isolation.sql,
swim_tmi_reroutes,dbo.swim_tmi_reroutes,1,0,database/migrations/swim/026_swim_data_isolation.sql,
swim_users,swim_users,1,1,login/callback.php,docs/DEPLOYMENT_GUIDE.md
swim_webhook_deliveries,dbo.swim_webhook_deliveries,1,0,scripts/swim_cleanup.php,
table_name,dbo.table_name,1,0,scripts/indexer/run_indexer.php,
tmi_advisory_sequence,dbo.tmi_advisory_sequence,1,0,adl/migrations/tmi/011_reroute_routes_table.sql,
tracons,dbo.tracons,1,0,api/splits/tracons.php,
trigger,tmr.trigger,1,2,review.php,docs/plans/2026-02-15-vatcan-interop-design.md; docs/plans/2026-02-15-vatcan-interop-implementation.md
v_archive_stats,dbo.v_archive_stats,1,0,database/migrations/archive/ADL_Archive_FULL_DEPLOYMENT.sql,
v_daily_flight_summary,dbo.v_daily_flight_summary,1,0,scripts/adl_archive/synapse/03_create_views.sql,
v_trajectory_archive,dbo.v_trajectory_archive,1,0,scripts/adl_archive/synapse/03_create_views.sql,
vw_cdm_pending_messages,dbo.vw_cdm_pending_messages,1,0,load/services/CDMService.php,
vw_current_atis_by_type,dbo.vw_current_atis_by_type,1,0,adl/migrations/095_atis_type_priority.sql,
vw_flight_sector_entries,dbo.vw_flight_sector_entries,1,0,adl/migrations/navdata/007_waypoint_eta_integration.sql,
vw_flight_stats_job_status,dbo.vw_flight_stats_job_status,1,0,api/stats/StatsHelper.php,
vw_flight_stats_recent_runs,dbo.vw_flight_stats_recent_runs,1,0,api/stats/status.php,
vw_flight_stats_retention_active,dbo.vw_flight_stats_retention_active,1,0,api/stats/status.php,
vw_GDT_DemandByQuarter,dbo.vw_GDT_DemandByQuarter,1,0,api/tmi/gs/demand.php,
vw_NTML_Active,dbo.vw_NTML_Active,1,0,adl/migrations/tmi/test_gs_workflow.sql,
vw_NTML_Today,dbo.vw_NTML_Today,1,0,adl/migrations/tmi/test_gs_workflow.sql,
vw_reroute_drafts_active,dbo.vw_reroute_drafts_active,1,0,api/mgt/tmi/reroute-drafts.php,
vw_swim_facility_staffing,dbo.vw_swim_facility_staffing,1,0,api/swim/v1/controllers.php,
vw_tmi_current_delays,dbo.vw_tmi_current_delays,1,0,api/nod/tmi_active.php,
vw_WindTierStats,dbo.vw_WindTierStats,1,0,adl/migrations/wind/003_wind_tiered_resolution.sql,
wind_grid_regions,dbo.wind_grid_regions,1,0,adl/migrations/wind/001_wind_grid_schema.sql,
wind_grid_tier_lookup,dbo.wind_grid_tier_lookup,1,0,adl/migrations/wind/003_wind_tiered_resolution.sql,
wind_major_airports,dbo.wind_major_airports,1,0,adl/migrations/wind/003_wind_tiered_resolution.sql,
wind_regions,dbo.wind_regions,1,0,adl/migrations/wind/003_wind_tiered_resolution.sql,
wind_tier_config,dbo.wind_tier_config,1,0,adl/migrations/wind/003_wind_tiered_resolution.sql,
wx_wind_import_log,dbo.wx_wind_import_log,1,0,adl/php/import_wind_data.php,
xplane_airways_staging,dbo.xplane_airways_staging,1,0,adl/migrations/navdata/004_xplane_navdata_import.sql,
xplane_fixes_staging,dbo.xplane_fixes_staging,1,0,adl/migrations/navdata/004_xplane_navdata_import.sql,
xplane_navaids_staging,dbo.xplane_navaids_staging,1,0,adl/migrations/navdata/004_xplane_navdata_import.sql,
xplane_segments_staging,dbo.xplane_segments_staging,1,0,adl/migrations/navdata/004_xplane_navdata_import.sql,
dim_time,dim_time,0,1,,docs/VATSIM_STATS_DATABASE.md
ntml_slots,dbo.ntml_slots,0,1,,docs/GDT_Unified_Design_Document_v1.md
r_ops_data,r_ops_data,0,4,,docs/DEPLOYMENT_GUIDE.md; docs/plans/2026-02-15-vatcan-interop-design.md; docs/plans/2026-02-15-vatcan-interop-implementation.md; wiki/Navigation-Helper.md
stats_aircraft_daily,stats_aircraft_daily,0,1,,docs/VATSIM_STATS_DATABASE.md
stats_airport_daily,stats_airport_daily,0,1,,docs/VATSIM_STATS_DATABASE.md
stats_carrier_daily,stats_carrier_daily,0,1,,docs/VATSIM_STATS_DATABASE.md
stats_facility_daily,stats_facility_daily,0,1,,docs/VATSIM_STATS_DATABASE.md
stats_network_weekly,stats_network_weekly,0,1,,docs/VATSIM_STATS_DATABASE.md
swim_ground_stops,dbo.swim_ground_stops,0,1,,docs/swim/VATSWIM_Release_Documentation.md
swim_webhook_endpoints,dbo.swim_webhook_endpoints,0,1,,docs/swim/VATSWIM_API_Documentation.md
