source_file,api_endpoint
airport_config.php,api/util/icao_lookup.php
api/adl/AdlQueryHelper.php,api/adl/current.php
api/adl/AdlQueryHelper.php,api/adl/flight.php
api/adl/AdlQueryHelper.php,api/adl/stats.php
api/adl/AdlQueryHelper.php,api/demand/airport.php
api/adl/AdlQueryHelper.php,api/demand/summary.php
api/adl/atis-debug.php,api/adl/atis-debug.php
api/adl/boundaries.php,api/adl/boundaries.php
api/adl/cleanup-queue.php,api/adl/cleanup-queue.php
api/adl/current.php,api/adl/current.php
api/adl/demand/airway.php,api/adl/demand/airway.php
api/adl/demand/batch.php,api/adl/demand/batch.php
api/adl/demand/debug.php,api/adl/demand/debug.php
api/adl/demand/details.php,api/adl/demand/details.php
api/adl/demand/fix.php,api/adl/demand/fix.php
api/adl/demand/monitors.php,api/adl/demand/monitors.php
api/adl/demand/segment.php,api/adl/demand/segment.php
api/adl/diagnostic.php,api/adl/diagnostic.php
api/adl/flight.php,api/adl/flight.php
api/adl/import_boundaries.php,api/adl/import_boundaries.php
api/adl/ingest.php,api/adl/ingest.php
api/adl/snapshot_history.php,api/adl/snapshot_history.php
api/adl/stats.php,api/adl/stats.php
api/adl/timing-analysis.php,api/adl/timing-analysis.php
api/adl/waypoints.php,api/adl/waypoints.php
api/admin/check_dtu_usage.php,api/admin/check_dtu_usage.php
api/admin/cleanup_stale_flights.php,api/admin/cleanup_stale_flights.php
api/analysis/escape_desert_archive.php,api/analysis/escape_desert_archive.php
api/analysis/tmi_compliance.php,api/analysis/tmi_compliance.php
api/analysis/tmi_compliance.php,api/gis/track_density.php
api/cron.php,api/cron.php
api/ctp/audit_log.php,api/ctp/audit_log.php
api/ctp/boundaries.php,api/adl/boundaries.php
api/ctp/boundaries.php,api/ctp/boundaries.php
api/ctp/changelog.php,api/ctp/changelog.php
api/ctp/common.php,api/gdt/common.php
api/ctp/demand.php,api/ctp/demand.php
api/ctp/flights/assign_edct.php,api/ctp/flights/assign_edct.php
api/ctp/flights/assign_edct_batch.php,api/ctp/flights/assign_edct_batch.php
api/ctp/flights/compliance.php,api/ctp/flights/compliance.php
api/ctp/flights/detect.php,api/ctp/flights/detect.php
api/ctp/flights/exclude.php,api/ctp/flights/exclude.php
api/ctp/flights/get.php,api/ctp/flights/get.php
api/ctp/flights/list.php,api/ctp/flights/list.php
api/ctp/flights/modify_route.php,api/ctp/flights/modify_route.php
api/ctp/flights/remove_edct.php,api/ctp/flights/remove_edct.php
api/ctp/flights/routes_geojson.php,api/ctp/flights/routes_geojson.php
api/ctp/flights/validate_route.php,api/ctp/flights/validate_route.php
api/ctp/routes/suggest.php,api/ctp/routes/suggest.php
api/ctp/routes/templates.php,api/ctp/routes/templates.php
api/ctp/sessions/activate.php,api/ctp/sessions/activate.php
api/ctp/sessions/complete.php,api/ctp/sessions/complete.php
api/ctp/sessions/create.php,api/ctp/sessions/create.php
api/ctp/sessions/get.php,api/ctp/sessions/get.php
api/ctp/sessions/list.php,api/ctp/sessions/list.php
api/ctp/sessions/update.php,api/ctp/sessions/update.php
api/ctp/stats.php,api/ctp/stats.php
api/data/configs.php,api/data/configs.php
api/data/create_history_table.php,api/util/create_history_table.php
api/data/fixes.php,api/data/fixes.php
api/data/hibernation_stats.php,api/data/hibernation_stats.php
api/data/playbook/analysis.php,api/data/playbook/analysis.php
api/data/playbook/nat_tracks.php,api/data/playbook/nat_tracks.php
api/data/rate_history.php,api/data/rate_history.php
api/data/tmi/reroute.php,api/data/tmi/reroute.php
api/data/weather.php,api/data/weather.php
api/data/weather_impacts.php,api/data/weather_impacts.php
api/demand/active_config.php,api/demand/active_config.php
api/demand/airport.php,api/demand/airport.php
api/demand/airports.php,api/demand/airports.php
api/demand/atis.php,api/demand/atis.php
api/demand/config_search.php,api/demand/config_search.php
api/demand/configs.php,api/demand/configs.php
api/demand/override.php,api/demand/override.php
api/demand/rates.php,api/demand/rates.php
api/demand/scheduled_configs.php,api/demand/scheduled_configs.php
api/demand/summary.php,api/demand/summary.php
api/demand/tmi_programs.php,api/demand/tmi_programs.php
api/gdt/common.php,api/tmi/helpers.php
api/gdt/demand/hourly.php,api/gdt/demand/hourly.php
api/gdt/flights/list.php,api/gdt/flights/list.php
api/gdt/programs/activate.php,api/gdt/programs/activate.php
api/gdt/programs/active.php,api/gdt/programs/active.php
api/gdt/programs/cancel.php,api/gdt/programs/cancel.php
api/gdt/programs/compress.php,api/gdt/programs/compress.php
api/gdt/programs/create.php,api/gdt/programs/create.php
api/gdt/programs/extend.php,api/gdt/programs/extend.php
api/gdt/programs/fairness.php,api/gdt/programs/fairness.php
api/gdt/programs/flight_list.php,api/gdt/programs/flight_list.php
api/gdt/programs/get.php,api/gdt/programs/get.php
api/gdt/programs/list.php,api/gdt/programs/list.php
api/gdt/programs/model.php,api/gdt/programs/model.php
api/gdt/programs/model.php,api/tmi/gs/model.php
api/gdt/programs/publish.php,api/gdt/programs/publish.php
api/gdt/programs/purge.php,api/gdt/programs/purge.php
api/gdt/programs/reoptimize.php,api/gdt/programs/reoptimize.php
api/gdt/programs/revise.php,api/gdt/programs/revise.php
api/gdt/programs/simulate.php,api/gdt/programs/simulate.php
api/gdt/programs/submit_proposal.php,api/gdt/programs/submit_proposal.php
api/gdt/programs/transition.php,api/gdt/programs/transition.php
api/gdt/slots/list.php,api/gdt/slots/list.php
api/mgt/config_data/bulk.php,api/mgt/config_data/bulk.php
api/mgt/config_data/delete.php,api/mgt/config_data/delete.php
api/mgt/config_data/post.php,api/mgt/config_data/post.php
api/mgt/config_data/update.php,api/mgt/config_data/update.php
api/mgt/plan/get.php,api/mgt/plan/get.php
api/mgt/tmi/active.php,api/mgt/tmi/active.php
api/mgt/tmi/advisory-number.php,api/mgt/tmi/advisory-number.php
api/mgt/tmi/airport_configs.php,api/mgt/tmi/airport_configs.php
api/mgt/tmi/cancel.php,api/mgt/tmi/cancel.php
api/mgt/tmi/configs.php,api/mgt/tmi/configs.php
api/mgt/tmi/coordinate.php,api/cron.php
api/mgt/tmi/edit.php,api/mgt/tmi/edit.php
api/mgt/tmi/promote.php,api/mgt/tmi/promote.php
api/mgt/tmi/publish.php,api/mgt/tmi/publish.php
api/mgt/tmi/queue.php,api/mgt/tmi/queue.php
api/mgt/tmi/reroute-drafts.php,api/mgt/tmi/reroute-drafts.php
api/mgt/tmi/reroutes/bulk.php,api/mgt/tmi/reroutes/bulk.php
api/mgt/tmi/reroutes/delete.php,api/mgt/tmi/reroutes/delete.php
api/mgt/tmi/reroutes/post.php,api/mgt/tmi/reroutes/post.php
api/mgt/tmi/reroutes/update_geojson.php,api/mgt/tmi/reroutes/update_geojson.php
api/mgt/tmi/staged.php,api/mgt/tmi/staged.php
api/nod/discord.php,api/discord/announcements.php
api/nod/discord.php,api/discord/channels.php
api/nod/discord.php,api/discord/messages.php
api/nod/discord.php,api/discord/reactions.php
api/nod/discord.php,api/discord/webhook.php
api/nod/tracks.php,api/nod/tracks.php
api/routes/public.php,api/routes/public.php
api/routes/public_delete.php,api/routes/public_delete.php
api/routes/public_post.php,api/routes/public_post.php
api/routes/public_update.php,api/routes/public_update.php
api/scheduler.php,api/scheduler.php
api/simulator/engine.php,api/simulator/engine.php
api/simulator/navdata.php,api/simulator/navdata.php
api/simulator/routes.php,api/simulator/routes.php
api/simulator/traffic.php,api/simulator/traffic.php
api/splits/areas.php,api/splits/areas.php
api/splits/presets.php,api/splits/presets.php
api/splits/scheduler.php,api/scheduler.php
api/splits/test.php,api/splits/test.php
api/stats/StatsHelper.php,api/stats/StatsHelper.php
api/stats/airport.php,api/stats/airport.php
api/stats/artcc.php,api/stats/artcc.php
api/stats/citypair.php,api/stats/citypair.php
api/stats/daily.php,api/stats/daily.php
api/stats/flight_phase_history.php,api/stats/flight_phase_history.php
api/stats/hourly.php,api/stats/hourly.php
api/stats/load_network_stats.php,api/stats/load_network_stats.php
api/stats/network_analysis.php,api/stats/network_analysis.php
api/stats/realtime.php,api/stats/realtime.php
api/stats/status.php,api/stats/status.php
api/stats/tmi.php,api/stats/tmi.php
api/swim/v1/connectors/health.php,api/swim/v1/connectors/health.php
api/swim/v1/connectors/status.php,api/swim/v1/connectors/status.php
api/swim/v1/playbook/analysis.php,api/data/playbook/analysis.php
api/swim/v1/tmi/routes.php,api/routes/public.php
api/swim/v1/tmi/routes.php,api/tmi/AdvisoryNumber.php
api/system/health.php,api/system/health.php
api/test/swim_reroute_test.php,api/test/swim_reroute_test.php
api/tiers.php,api/tiers.php
api/tmi/active.php,api/tmi/active.php
api/tmi/advisories.php,api/tmi/advisories.php
api/tmi/entries.php,api/tmi/entries.php
api/tmi/gs/activate.php,api/tmi/gs/activate.php
api/tmi/gs/create.php,api/tmi/gs/create.php
api/tmi/gs/demand.php,api/tmi/gs/demand.php
api/tmi/gs/extend.php,api/tmi/gs/extend.php
api/tmi/gs/flights.php,api/tmi/gs/flights.php
api/tmi/gs/get.php,api/tmi/gs/get.php
api/tmi/gs/list.php,api/tmi/gs/list.php
api/tmi/gs/model.php,api/tmi/gs/model.php
api/tmi/gs/purge.php,api/tmi/gs/purge.php
api/tmi/gs_apply.php,api/tmi/gs_apply.php
api/tmi/gs_apply_ctd.php,api/tmi/gs_apply_ctd.php
api/tmi/gs_purge_all.php,api/tmi/gs_purge_all.php
api/tmi/gs_purge_local.php,api/tmi/gs_purge_local.php
api/tmi/index.php,api/tmi/active.php
api/tmi/index.php,api/tmi/advisories.php
api/tmi/index.php,api/tmi/entries.php
api/tmi/index.php,api/tmi/programs.php
api/tmi/index.php,api/tmi/public-routes.php
api/tmi/index.php,api/tmi/reroutes.php
api/tmi/programs.php,api/tmi/programs.php
api/tmi/public-routes.php,api/tmi/public-routes.php
api/tmi/reroutes.php,api/tmi/reroutes.php
api/tmi/simtraffic_flight.php,api/tmi/simtraffic_flight.php
api/util/icao_lookup.php,api/util/icao_lookup.php
api/weather/alerts.php,api/weather/alerts.php
api/weather/impact.php,api/weather/impact.php
api/weather/refresh.php,api/weather/refresh.php
assets/js/adl-refresh-utils.js,api/adl/current.php
assets/js/adl-refresh-utils.js,api/tmi/active.php
assets/js/adl-refresh-utils.js,api/weather/radar.php
assets/js/adl-service.js,api/adl/current.php
assets/js/cdm.js,api/data/cdm/status.php
assets/js/ctp.js,api/ctp/audit_log.php
assets/js/ctp.js,api/ctp/boundaries.php
assets/js/ctp.js,api/ctp/changelog.php
assets/js/ctp.js,api/ctp/demand.php
assets/js/ctp.js,api/ctp/flights/assign_edct.php
assets/js/ctp.js,api/ctp/flights/assign_edct_batch.php
assets/js/ctp.js,api/ctp/flights/compliance.php
assets/js/ctp.js,api/ctp/flights/detect.php
assets/js/ctp.js,api/ctp/flights/exclude.php
assets/js/ctp.js,api/ctp/flights/get.php
assets/js/ctp.js,api/ctp/flights/list.php
assets/js/ctp.js,api/ctp/flights/modify_route.php
assets/js/ctp.js,api/ctp/flights/remove_edct.php
assets/js/ctp.js,api/ctp/flights/routes_geojson.php
assets/js/ctp.js,api/ctp/flights/validate_route.php
assets/js/ctp.js,api/ctp/routes/suggest.php
assets/js/ctp.js,api/ctp/routes/templates.php
assets/js/ctp.js,api/ctp/sessions/activate.php
assets/js/ctp.js,api/ctp/sessions/complete.php
assets/js/ctp.js,api/ctp/sessions/create.php
assets/js/ctp.js,api/ctp/sessions/get.php
assets/js/ctp.js,api/ctp/sessions/list.php
assets/js/ctp.js,api/ctp/sessions/update.php
assets/js/ctp.js,api/ctp/stats.php
assets/js/ctp.js,api/data/playbook/nat_tracks.php
assets/js/demand.js,api/demand/active_config.php
assets/js/demand.js,api/demand/airport.php
assets/js/demand.js,api/demand/airports.php
assets/js/demand.js,api/demand/atis.php
assets/js/demand.js,api/demand/rates.php
assets/js/demand.js,api/demand/scheduled_configs.php
assets/js/demand.js,api/demand/summary.php
assets/js/demand.js,api/demand/tmi_programs.php
assets/js/demand.js,api/mgt/tmi/active.php
assets/js/demand.js,api/mgt/tmi/airport_configs.php
assets/js/demand.js,api/mgt/tmi/publish.php
assets/js/demand.js,api/tiers.php
assets/js/gdp.js,api/gdt/programs/activate.php
assets/js/gdp.js,api/gdt/programs/purge.php
assets/js/gdp.js,api/tmi/gdp_preview.php
assets/js/gdp.js,api/tmi/gdp_purge_local.php
assets/js/gdp.js,api/tmi/gdp_simulate.php
assets/js/gdt.js,api/adl/current.php
assets/js/gdt.js,api/adl/stats.php
assets/js/gdt.js,api/demand/airport.php
assets/js/gdt.js,api/demand/rates.php
assets/js/gdt.js,api/gdt/demand/hourly.php
assets/js/gdt.js,api/gdt/flights/list.php
assets/js/gdt.js,api/gdt/programs/activate.php
assets/js/gdt.js,api/gdt/programs/active.php
assets/js/gdt.js,api/gdt/programs/cancel.php
assets/js/gdt.js,api/gdt/programs/compress.php
assets/js/gdt.js,api/gdt/programs/create.php
assets/js/gdt.js,api/gdt/programs/extend.php
assets/js/gdt.js,api/gdt/programs/fairness.php
assets/js/gdt.js,api/gdt/programs/get.php
assets/js/gdt.js,api/gdt/programs/list.php
assets/js/gdt.js,api/gdt/programs/model.php
assets/js/gdt.js,api/gdt/programs/purge.php
assets/js/gdt.js,api/gdt/programs/reoptimize.php
assets/js/gdt.js,api/gdt/programs/revise.php
assets/js/gdt.js,api/gdt/programs/simulate.php
assets/js/gdt.js,api/gdt/programs/transition.php
assets/js/gdt.js,api/tiers.php
assets/js/gdt.js,api/tiers/query.php
assets/js/gdt.js,api/tmi/gs_apply.php
assets/js/gdt.js,api/tmi/gs_apply_ctd.php
assets/js/gdt.js,api/tmi/gs_preview.php
assets/js/gdt.js,api/tmi/gs_purge_all.php
assets/js/gdt.js,api/tmi/gs_purge_local.php
assets/js/gdt.js,api/tmi/gs_simulate.php
assets/js/gdt.js,api/tmi/programs.php
assets/js/gdt.js,api/tmi/simtraffic_flight.php
assets/js/initiative_timeline.js,api/data/plans/enroute_inits_timeline.php
assets/js/initiative_timeline.js,api/data/plans/term_inits_timeline.php
assets/js/jatoc.js,api/jatoc/report.php
assets/js/nod-demand-layer.js,api/adl/demand/batch.php
assets/js/nod-demand-layer.js,api/adl/demand/details.php
assets/js/nod-demand-layer.js,api/adl/demand/monitors.php
assets/js/nod-demand-layer.js,api/simulator/navdata.php
assets/js/nod.js,api/adl/current.php
assets/js/nod.js,api/adl/waypoints.php
assets/js/nod.js,api/jatoc/incidents.php
assets/js/nod.js,api/nod/advisories.php
assets/js/nod.js,api/nod/discord.php
assets/js/nod.js,api/nod/fea.php
assets/js/nod.js,api/nod/flows/configs.php
assets/js/nod.js,api/nod/flows/elements.php
assets/js/nod.js,api/nod/flows/gates.php
assets/js/nod.js,api/nod/flows/suggestions.php
assets/js/nod.js,api/nod/jatoc.php
assets/js/nod.js,api/nod/tmi_active.php
assets/js/nod.js,api/nod/tmu_oplevel.php
assets/js/nod.js,api/nod/tracks.php
assets/js/nod.js,api/splits/active.php
assets/js/plan-tables.js,api/splits/active.php
assets/js/plan.js,api/demand/config_search.php
assets/js/plan.js,api/mgt/tmi/advisory-number.php
assets/js/playbook-dcc-loader.js,api/data/playbook/get.php
assets/js/playbook-dcc-loader.js,api/data/playbook/list.php
assets/js/playbook.js,api/data/playbook/acl.php
assets/js/playbook.js,api/data/playbook/analysis.php
assets/js/playbook.js,api/data/playbook/categories.php
assets/js/playbook.js,api/data/playbook/changelog.php
assets/js/playbook.js,api/data/playbook/get.php
assets/js/playbook.js,api/data/playbook/groups.php
assets/js/playbook.js,api/data/playbook/list.php
assets/js/playbook.js,api/data/playbook/nat_tracks.php
assets/js/playbook.js,api/data/playbook/org_members.php
assets/js/playbook.js,api/data/playbook/orgs.php
assets/js/playbook.js,api/data/playbook/user_search.php
assets/js/playbook.js,api/mgt/playbook/acl.php
assets/js/playbook.js,api/mgt/playbook/delete.php
assets/js/playbook.js,api/mgt/playbook/groups.php
assets/js/playbook.js,api/mgt/playbook/save.php
assets/js/reroute.js,api/data/tmi/reroute.php
assets/js/reroute.js,api/data/tmi/reroutes.php
assets/js/reroute.js,api/mgt/tmi/reroutes/activate.php
assets/js/reroute.js,api/mgt/tmi/reroutes/post.php
assets/js/reroute.js,api/tmi/rr_assign.php
assets/js/reroute.js,api/tmi/rr_assign_manual.php
assets/js/reroute.js,api/tmi/rr_compliance_history.php
assets/js/reroute.js,api/tmi/rr_compliance_override.php
assets/js/reroute.js,api/tmi/rr_compliance_refresh.php
assets/js/reroute.js,api/tmi/rr_export.php
assets/js/reroute.js,api/tmi/rr_preview.php
assets/js/route-maplibre.js,api/adl/current.php
assets/js/route-maplibre.js,api/data/playbook/nat_tracks.php
assets/js/route-maplibre.js,api/data/route_share.php
assets/js/route-maplibre.js,api/mgt/tmi/reroutes/update_geojson.php
assets/js/sheet.js,api/demand/config_search.php
assets/js/splits.js,api/splits/active.php
assets/js/splits.js,api/splits/areas.php
assets/js/splits.js,api/splits/configs.php
assets/js/splits.js,api/splits/presets.php
assets/js/splits.js,api/splits/scheduled.php
assets/js/splits.js,api/splits/tracons.php
assets/js/statsim_rates.js,api/statsim/fetch.php
assets/js/statsim_rates.js,api/statsim/plan_info.php
assets/js/statsim_rates.js,api/statsim/save_rates.php
assets/js/sua.js,api/data/sua/activations.l.php
assets/js/sua.js,api/data/sua/sua_geojson.php
assets/js/sua.js,api/data/sua/sua_list.php
assets/js/sua.js,api/mgt/sua/activate.php
assets/js/sua.js,api/mgt/sua/altrv_create.php
assets/js/sua.js,api/mgt/sua/delete.php
assets/js/sua.js,api/mgt/sua/tfr_create.php
assets/js/sua.js,api/mgt/sua/update.php
assets/js/tmi-active-display.js,api/mgt/tmi/active.php
assets/js/tmi-active-display.js,api/mgt/tmi/cancel.php
assets/js/tmi-active-display.js,api/mgt/tmi/edit.php
assets/js/tmi-gdp.js,api/gdt/programs/cancel.php
assets/js/tmi-gdp.js,api/gdt/programs/flight_list.php
assets/js/tmi-gdp.js,api/gdt/programs/publish.php
assets/js/tmi-gdp.js,api/gdt/programs/submit_proposal.php
assets/js/tmi-gdp.js,api/mgt/tmi/advisory-number.php
assets/js/tmi-publish.js,api/cron.php
assets/js/tmi-publish.js,api/mgt/plan/get.php
assets/js/tmi-publish.js,api/mgt/tmi/active.php
assets/js/tmi-publish.js,api/mgt/tmi/advisory-number.php
assets/js/tmi-publish.js,api/mgt/tmi/airport_configs.php
assets/js/tmi-publish.js,api/mgt/tmi/cancel.php
assets/js/tmi-publish.js,api/mgt/tmi/coordinate.php
assets/js/tmi-publish.js,api/mgt/tmi/promote.php
assets/js/tmi-publish.js,api/mgt/tmi/publish.php
assets/js/tmi-publish.js,api/mgt/tmi/reroute-drafts.php
assets/js/tmi-publish.js,api/mgt/tmi/staged.php
assets/js/tmi-publish.js,api/util/icao_lookup.php
assets/js/tmi_compliance.js,api/adl/airway.php
assets/js/tmi_compliance.js,api/analysis/tmi_compliance.php
assets/js/tmi_compliance.js,api/analysis/tmi_config.php
assets/js/tmi_compliance.js,api/analysis/trajectory_gaps.php
assets/js/tmi_compliance.js,api/gis/boundaries.php
assets/js/tmi_compliance.js,api/gis/track_density.php
assets/js/tmr_report.js,api/analysis/tmi_compliance.php
assets/js/tmr_report.js,api/data/review/tmr_export.php
assets/js/tmr_report.js,api/data/review/tmr_ops_plan.php
assets/js/tmr_report.js,api/data/review/tmr_parse_ntml.php
assets/js/tmr_report.js,api/data/review/tmr_report.php
assets/js/tmr_report.js,api/data/review/tmr_staffing.php
assets/js/tmr_report.js,api/data/review/tmr_tmis.php
assets/js/tmr_report.js,api/data/review/tmr_weather.php
assets/js/weather_hazards.js,api/weather/alerts.php
assets/js/weather_impact.js,api/weather/impact.php
cdm.php,api/data/cdm/status.php
discord-bot/bot.js,api/mgt/tmi/coordinate.php
event-aar.php,api/event-aar/list.php
event-aar.php,api/event-aar/update.php
hibernation.php,api/data/hibernation_stats.php
integrations/connectors/vacdm/vatswim-connector.js,api/swim/v1/connectors/health.php
integrations/connectors/vacdm/vatswim-connector.js,api/swim/v1/ingest/cdm.php
lib/connectors/sources/ECFMPConnector.php,api/swim/v1/tmi/flow/events.php
lib/connectors/sources/ECFMPConnector.php,api/swim/v1/tmi/flow/measures.php
lib/connectors/sources/ECFMPConnector.php,api/swim/v1/tmi/flow/providers.php
lib/connectors/sources/HoppieConnector.php,api/swim/v1/ingest/acars.php
lib/connectors/sources/SimTrafficConnector.php,api/swim/v1/ingest/simtraffic.php
lib/connectors/sources/VACDMConnector.php,api/swim/v1/ingest/cdm.php
lib/connectors/sources/VATISConnector.php,api/swim/v1/ingest/adl.php
lib/connectors/sources/VATISConnector.php,api/swim/v1/ingest/weather.php
lib/connectors/sources/VNASConnector.php,api/swim/v1/ingest/vnas/handoff.php
lib/connectors/sources/VNASConnector.php,api/swim/v1/ingest/vnas/tags.php
lib/connectors/sources/VNASConnector.php,api/swim/v1/ingest/vnas/track.php
lib/connectors/sources/VirtualAirlineConnector.php,api/swim/v1/ingest/acars.php
load/nav.php,api/data/locale.php
load/nav.php,api/session/switch_org.php
load/nav_public.php,api/data/locale.php
load/nav_public.php,api/session/switch_org.php
load/perti_constants.php,api/mgt/tmi/coordinate.php
load/perti_constants.php,api/mgt/tmi/publish.php
load/perti_constants.php,api/tiers/query.php
route.php,api/adl/stats.php
route.php,api/data/playbook/analysis.php
scripts/indexer/codebase_indexer.php,api/tmi/list.php
scripts/scheduler_daemon.php,api/scheduler.php
scripts/scheduler_daemon.php,api/splits/connect_adl.php
scripts/tmi/load_test_tmi.php,api/mgt/tmi/publish.php
scripts/tmi/test_crud.php,api/tmi/active.php
scripts/tmi/test_crud.php,api/tmi/entries.php
scripts/tmi/test_crud.php,api/tmi/reroutes.php
status.php,api/stats/flight_phase_history.php
